strategy,asset,target_utc,block,block_hash,block_utc,status,start_quantity,end_quantity,end_usd,net_return_fraction,versus_hold_usd,gas_usd,accounting_usd,route,note,token_return_fraction,best_strategy,best_asset,versus_best_usd,single_vault_strategy,single_vault_status,versus_single_vault_usd
hold-USD,USD,2022-02-01T00:00:00+00:00,14116761,0x4a5a96b90503c3033b494fe07306a6de18ce0ca3833cac7ad336993a64aa9ce0,2022-02-01T00:00:00+00:00,complete,9986.63631,9986.63631,9997.566075183524558702835,-0.0002433924816475441297165,0,0,9997.566075183524558702835,[],,0,cash-USD,cash,-2.433924816475441297165,yearn-usdc-v2,complete,58.5116404182160568130805
hold-USD,USD,2022-03-01T00:00:00+00:00,14297758,0x3d75edc45b9dcab8bf1196fabcecdcf22c9289d02eedfe1416731fd751eca9b3,2022-02-28T23:59:58+00:00,complete,9986.63631,9986.63631,9991.635394944940106154372,-0.0008364605055059893845628,0,0,9991.635394944940106154372,[],,0,cash-USD,cash,-8.364605055059893845628,yearn-usdc-v2,complete,26.4053122906367007492012
hold-USD,USD,2022-04-01T00:00:00+00:00,14497033,0xba079017e34778e071d26698d4cd9a64689487ac91218836ef5d608ec392b3ee,2022-03-31T23:59:56+00:00,complete,9986.63631,9986.63631,10061.93425338937474864428,0.006193425338937474864428,0,0,10061.93425338937474864428,[],,0,yearn-usdc-v2,USD,-0.384359332375220826204,yearn-usdc-v2,complete,-0.384359332375220826204
hold-BTC,BTC,2022-02-01T00:00:00+00:00,14116761,0x4a5a96b90503c3033b494fe07306a6de18ce0ca3833cac7ad336993a64aa9ce0,2022-02-01T00:00:00+00:00,complete,0.21530188,0.21530188,8295.1228361937413489060,-0.1704877163806258651094,0,0,8295.1228361937413489060,[],,0,cash-USD,cash,-1704.8771638062586510940,yearn-wbtc-v2,complete,70.1438400611008389700
hold-BTC,BTC,2022-03-01T00:00:00+00:00,14297758,0x3d75edc45b9dcab8bf1196fabcecdcf22c9289d02eedfe1416731fd751eca9b3,2022-02-28T23:59:58+00:00,complete,0.21530188,0.21530188,9301.6758348951097052312,-0.06983241651048902947688,0,0,9301.6758348951097052312,[],,0,cash-USD,cash,-698.3241651048902947688,yearn-wbtc-v2,complete,41.0864351753156929274
hold-BTC,BTC,2022-04-01T00:00:00+00:00,14497033,0xba079017e34778e071d26698d4cd9a64689487ac91218836ef5d608ec392b3ee,2022-03-31T23:59:56+00:00,complete,0.21530188,0.21530188,9809.7767644283970023136,-0.01902232355716029976864,0,0,9809.7767644283970023136,[],,0,yearn-usdc-v2,USD,-252.541848293352967156884,yearn-wbtc-v2,complete,28.5369518514970403904
hold-ETH,ETH,2022-02-01T00:00:00+00:00,14116761,0x4a5a96b90503c3033b494fe07306a6de18ce0ca3833cac7ad336993a64aa9ce0,2022-02-01T00:00:00+00:00,complete,2.707209549056973607,2.707209549056973607,7265.7556287922677588906870054699586,-0.27342443712077322411093129945300414,0,0,7265.7556287922677588906870054699586,[],,0,cash-USD,cash,-2734.2443712077322411093129945300414,yearn-weth-v2,complete,80.8635813728042891608688016112036
hold-ETH,ETH,2022-03-01T00:00:00+00:00,14297758,0x3d75edc45b9dcab8bf1196fabcecdcf22c9289d02eedfe1416731fd751eca9b3,2022-02-28T23:59:58+00:00,complete,2.707209549056973607,2.707209549056973607,7903.143198792660304114561205608406,-0.2096856801207339695885438794391594,0,0,7903.143198792660304114561205608406,[],,0,cash-USD,cash,-2096.856801207339695885438794391594,yearn-weth-v2,complete,58.177456609379857751716800492284
hold-ETH,ETH,2022-04-01T00:00:00+00:00,14497033,0xba079017e34778e071d26698d4cd9a64689487ac91218836ef5d608ec392b3ee,2022-03-31T23:59:56+00:00,complete,2.707209549056973607,2.707209549056973607,8888.5888078560811382633736693435999,-0.11114111921439188617366263306564001,0,0,8888.5888078560811382633736693435999,[],,0,yearn-usdc-v2,USD,-1173.7298048656688312071103306564001,yearn-weth-v2,complete,36.3312216421189368325743364337118
hold-CRV,CRV,2022-02-01T00:00:00+00:00,14116761,0x4a5a96b90503c3033b494fe07306a6de18ce0ca3833cac7ad336993a64aa9ce0,2022-02-01T00:00:00+00:00,complete,1868.0817199810281463,1868.0817199810281463,6156.4066693132905555826059422525484,-0.38435933306867094444173940577474516,0,0,6156.4066693132905555826059422525484,[],,0,cash-USD,cash,-3843.5933306867094444173940577474516,,not in catalog,
hold-CRV,CRV,2022-03-01T00:00:00+00:00,14297758,0x3d75edc45b9dcab8bf1196fabcecdcf22c9289d02eedfe1416731fd751eca9b3,2022-02-28T23:59:58+00:00,complete,1868.0817199810281463,1868.0817199810281463,4504.34600693849184709579775400128108,-0.549565399306150815290420224599871892,0,0,4504.34600693849184709579775400128108,[],,0,cash-USD,cash,-5495.65399306150815290420224599871892,,not in catalog,
hold-CRV,CRV,2022-04-01T00:00:00+00:00,14497033,0xba079017e34778e071d26698d4cd9a64689487ac91218836ef5d608ec392b3ee,2022-03-31T23:59:56+00:00,complete,1868.0817199810281463,1868.0817199810281463,4911.5332444551666884115720569408547,-0.50884667555448333115884279430591453,0,0,4911.5332444551666884115720569408547,[],,0,yearn-usdc-v2,USD,-5150.7853682665832810589119430591453,,not in catalog,
cash-USD,cash,2022-02-01T00:00:00+00:00,14116761,0x4a5a96b90503c3033b494fe07306a6de18ce0ca3833cac7ad336993a64aa9ce0,2022-02-01T00:00:00+00:00,complete,10000,10000,10000,0,0,0,10000,[],,0,cash-USD,cash,0,,not in catalog,
cash-USD,cash,2022-03-01T00:00:00+00:00,14297758,0x3d75edc45b9dcab8bf1196fabcecdcf22c9289d02eedfe1416731fd751eca9b3,2022-02-28T23:59:58+00:00,complete,10000,10000,10000,0,0,0,10000,[],,0,cash-USD,cash,0,,not in catalog,
cash-USD,cash,2022-04-01T00:00:00+00:00,14497033,0xba079017e34778e071d26698d4cd9a64689487ac91218836ef5d608ec392b3ee,2022-03-31T23:59:56+00:00,complete,10000,10000,10000,0,0,0,10000,[],,0,yearn-usdc-v2,USD,-62.318612721749969470484,,not in catalog,
curve-3pool-lp,USD,2022-02-01T00:00:00+00:00,14116761,0x4a5a96b90503c3033b494fe07306a6de18ce0ca3833cac7ad336993a64aa9ce0,2022-02-01T00:00:00+00:00,complete,9986.63631,9851.502916,9862.2847859143843624379060,-0.0137715214085615637562094,-135.2812892691401962649290,135.934714878525992946782689138628,,[],,-0.0135314223733856990732848666239253484940416339242857638419396891003833902508461329959056053779533301,cash-USD,cash,-137.7152140856156375620940,yearn-usdc-v2,complete,-76.7696488509241394518485
curve-3pool-lp,USD,2022-03-01T00:00:00+00:00,14297758,0x3d75edc45b9dcab8bf1196fabcecdcf22c9289d02eedfe1416731fd751eca9b3,2022-02-28T23:59:58+00:00,complete,9986.63631,9875.755612,9880.6991925678055141228944,-0.01193008074321944858771056,-110.9362023771345920314776,113.272086172706394306521866816374,,[],,-0.0111029073812341525031464773547961515782885258590136842582184711600857326104028314214238167245323466,cash-USD,cash,-119.3008074321944858771056,yearn-usdc-v2,complete,-84.5308900864978912822764
curve-3pool-lp,USD,2022-04-01T00:00:00+00:00,14497033,0xba079017e34778e071d26698d4cd9a64689487ac91218836ef5d608ec392b3ee,2022-03-31T23:59:56+00:00,complete,9986.63631,9897.45329,9972.07880497776540708052,-0.002792119502223459291948,-89.85544841160934156376,93.8795559690644648304901888212174,,[],,-0.0089302360906742582678471446208097669274190280390815593844330153643093867708896269999442885489438636,yearn-usdc-v2,USD,-90.239807743984562389964,yearn-usdc-v2,complete,-90.239807743984562389964
curve-3pool-lp,BTC,2022-02-01T00:00:00+00:00,14116761,0x4a5a96b90503c3033b494fe07306a6de18ce0ca3833cac7ad336993a64aa9ce0,2022-02-01T00:00:00+00:00,complete,0.21530188,0.25005801,9634.2024933742470625995,-0.03657975066257529374005,1339.0796571805057136935,273.0201914565601625671391802728904,,"[""approval"", ""USDC -> WBTC (Uniswap V3 fee=3000 router=0xE592427A0AEce92De3Edee1F18E0157C05861564)""]",,0.161429756210210519295047493314967802417702994511706075209375784363796544646985897196996143275664848,cash-USD,cash,-365.7975066257529374005,yearn-wbtc-v2,complete,1409.2234972416065526635
curve-3pool-lp,BTC,2022-03-01T00:00:00+00:00,14297758,0x3d75edc45b9dcab8bf1196fabcecdcf22c9289d02eedfe1416731fd751eca9b3,2022-02-28T23:59:58+00:00,complete,0.21530188,0.22433617,9691.9837921615977668258,-0.03080162078384022331742,390.3079572664880615946,216.696044747637142334267097469962,,"[""approval"", ""USDC -> WBTC (Uniswap V3 fee=3000 router=0xE592427A0AEce92De3Edee1F18E0157C05861564)""]",,0.041961036290068623646017396596815596779740149040965178752735461483197452804406538391583018225386606,cash-USD,cash,-308.0162078384022331742,yearn-wbtc-v2,complete,431.3943924418037545220
curve-3pool-lp,BTC,2022-04-01T00:00:00+00:00,14497033,0xba079017e34778e071d26698d4cd9a64689487ac91218836ef5d608ec392b3ee,2022-03-31T23:59:56+00:00,complete,0.21530188,0.21442126,9769.6531685996428132272,-0.02303468314003571867728,-40.1235958287541890864,175.789360565355798626036426569437,,"[""approval"", ""USDC -> WBTC (Uniswap V3 fee=3000 router=0xE592427A0AEce92De3Edee1F18E0157C05861564)""]",,-0.0040901640059993902514924625832342940990575651266955959697147094117338873213740632455229838215996999,yearn-usdc-v2,USD,-292.665444122107156243284,yearn-wbtc-v2,complete,-11.5866439772571486960
curve-3pool-lp,ETH,2022-02-01T00:00:00+00:00,14116761,0x4a5a96b90503c3033b494fe07306a6de18ce0ca3833cac7ad336993a64aa9ce0,2022-02-01T00:00:00+00:00,complete,2.707209549056973607,3.587782799710558708,9629.0858167819167923206969327341784,-0.03709141832180832076793030672658216,2363.3301879896490334300099272642198,291.559698343906234689128109003863,,"[""approval"", ""USDC -> WETH (Uniswap V3 fee=500 router=0xE592427A0AEce92De3Edee1F18E0157C05861564)"", ""unwrap WETH""]",,0.325269704726153547072142838835508160824798206413195224413531254011540377014136087880415782725426449,cash-USD,cash,-370.9141832180832076793030672658216,yearn-weth-v2,complete,2444.1937693624533225908787288754234
curve-3pool-lp,ETH,2022-03-01T00:00:00+00:00,14297758,0x3d75edc45b9dcab8bf1196fabcecdcf22c9289d02eedfe1416731fd751eca9b3,2022-02-28T23:59:58+00:00,complete,2.707209549056973607,3.322669525842470115,9699.852408597172677386114774210670,-0.030014759140282732261388522578933,1796.709209804512373271553568602264,234.424314249714215825811097219835,,"[""approval"", ""USDC -> WETH (Uniswap V3 fee=500 router=0xE592427A0AEce92De3Edee1F18E0157C05861564)"", ""unwrap WETH""]",,0.227341092602116876596144270509421056499344726169729367268009449435092017679492417960546853486159915,cash-USD,cash,-300.147591402827322613885225789330,yearn-weth-v2,complete,1854.886666413892231023270369094548
curve-3pool-lp,ETH,2022-04-01T00:00:00+00:00,14497033,0xba079017e34778e071d26698d4cd9a64689487ac91218836ef5d608ec392b3ee,2022-03-31T23:59:56+00:00,complete,2.707209549056973607,2.974629498934211387,9766.6094894484043504846731131805459,-0.02333905105515956495153268868194541,878.0206815923232122212994438369460,188.9595278498824957588195972823766,,"[""approval"", ""USDC -> WETH (Uniswap V3 fee=500 router=0xE592427A0AEce92De3Edee1F18E0157C05861564)"", ""unwrap WETH""]",,0.098780661426962885397483561167720206204499409397490230637944342155278944667379201989932841961119999,yearn-usdc-v2,USD,-295.7091232733456189858108868194541,yearn-weth-v2,complete,914.3519032344421490538737802706578
curve-3pool-lp,CRV,2022-02-01T00:00:00+00:00,14116761,0x4a5a96b90503c3033b494fe07306a6de18ce0ca3833cac7ad336993a64aa9ce0,2022-02-01T00:00:00+00:00,complete,1868.0817199810281463,2846.47978440446745954,9380.79257525794531019987479039312872,-0.061920742474205468980012520960687128,3224.38590594465475461726884814058032,386.5189287562020692071210509114718,,"[""approval"", ""USDC -> WETH (Uniswap V3 fee=500 router=0xE592427A0AEce92De3Edee1F18E0157C05861564)"", ""approval"", ""WETH -> CRV (Uniswap V3 fee=10000 router=0xE592427A0AEce92De3Edee1F18E0157C05861564)""]",,0.523744788013543498907708631119126393438408750773559376610395679221846691334953486548669720531876025,cash-USD,cash,-619.20742474205468980012520960687128,,not in catalog,
curve-3pool-lp,CRV,2022-03-01T00:00:00+00:00,14297758,0x3d75edc45b9dcab8bf1196fabcecdcf22c9289d02eedfe1416731fd751eca9b3,2022-02-28T23:59:58+00:00,complete,1868.0817199810281463,3885.967934007696056477,9369.9028042608066174865759754394464932,-0.06300971957391933825134240245605535068,4865.5567973223147703907782214381654132,308.138300482950092116899654027953,,"[""approval"", ""USDC -> WETH (Uniswap V3 fee=500 router=0xE592427A0AEce92De3Edee1F18E0157C05861564)"", ""approval"", ""WETH -> CRV (Uniswap V3 fee=10000 router=0xE592427A0AEce92De3Edee1F18E0157C05861564)""]",,1.080191617124309287446508930302570710879523979422437326383796685004536386533695671601370803201234929,cash-USD,cash,-630.0971957391933825134240245605535068,,not in catalog,
curve-3pool-lp,CRV,2022-04-01T00:00:00+00:00,14497033,0xba079017e34778e071d26698d4cd9a64689487ac91218836ef5d608ec392b3ee,2022-03-31T23:59:56+00:00,complete,1868.0817199810281463,3615.252299121591974563,9505.168678814010378304839747716352447,-0.0494831321185989621695160252283647553,4593.635434358843689893267690775497747,246.3615046149815912810078099038566,,"[""approval"", ""USDC -> WETH (Uniswap V3 fee=500 router=0xE592427A0AEce92De3Edee1F18E0157C05861564)"", ""approval"", ""WETH -> CRV (Uniswap V3 fee=10000 router=0xE592427A0AEce92De3Edee1F18E0157C05861564)""]",,0.935275240077991734369624919714042159622807643387247509596948805964314376307447973832810509585157500,yearn-usdc-v2,USD,-557.149933907739591165644252283647553,,not in catalog,
curve-3pool-gauge,USD,2022-02-01T00:00:00+00:00,14116761,0x4a5a96b90503c3033b494fe07306a6de18ce0ca3833cac7ad336993a64aa9ce0,2022-02-01T00:00:00+00:00,complete,9986.63631,9353.767445,9364.0045737570345562681825,-0.06359954262429654437318175,-633.5615014264900024346525,638.7836759728088250343500709271088,,"[""approval"", ""CRV -> USDC (Uniswap V3 fee=10000 router=0xE592427A0AEce92De3Edee1F18E0157C05861564)""]",compounding skipped; rewards retained: proceeds cannot cover the deposit and gas,-0.0633715743073855865689375444974024492136532005139175835271806348578243158231122166498521462628491374,cash-USD,cash,-635.9954262429654437318175,yearn-usdc-v2,complete,-575.0498610082739456215720
curve-3pool-gauge,USD,2022-03-01T00:00:00+00:00,14297758,0x3d75edc45b9dcab8bf1196fabcecdcf22c9289d02eedfe1416731fd751eca9b3,2022-02-28T23:59:58+00:00,complete,9986.63631,9471.298701,9476.0398195583867411251212,-0.05239601804416132588748788,-515.5955753865533650292508,524.586843377366623305373985764522,,"[""approval"", ""CRV -> WETH (Uniswap V3 fee=10000 router=0xE592427A0AEce92De3Edee1F18E0157C05861564)"", ""approval"", ""WETH -> USDC (Uniswap V3 fee=500 router=0xE592427A0AEce92De3Edee1F18E0157C05861564)""]",compounding skipped; rewards retained: proceeds cannot cover the deposit and gas,-0.0516027211768964479292227274470556943712311878512776240271435297717375271073629395041021574961109203,cash-USD,cash,-523.9601804416132588748788,yearn-usdc-v2,complete,-489.1902630959166642800496
curve-3pool-gauge,USD,2022-04-01T00:00:00+00:00,14497033,0xba079017e34778e071d26698d4cd9a64689487ac91218836ef5d608ec392b3ee,2022-03-31T23:59:56+00:00,complete,9986.63631,9640.851297,9713.542066209246003020436,-0.0286457933790753996979564,-348.392187180128745623844,362.8306007005395023184981269372142,,"[""approval"", ""CRV -> USDC (Uniswap V3 fee=10000 router=0xE592427A0AEce92De3Edee1F18E0157C05861564)""]",,-0.0346247727729658355807291834781955727393461072179567536489170496286952498423365534576075895969020224,yearn-usdc-v2,USD,-348.776546512503966450048,yearn-usdc-v2,complete,-348.776546512503966450048
curve-3pool-gauge,BTC,2022-02-01T00:00:00+00:00,14116761,0x4a5a96b90503c3033b494fe07306a6de18ce0ca3833cac7ad336993a64aa9ce0,2022-02-01T00:00:00+00:00,complete,0.21530188,0.23558848,9076.7223230571535645760,-0.0923277676942846435424,781.5994868634122156700,836.7434678190865806101395852347232,,"[""approval"", ""CRV -> WETH (Uniswap V3 fee=10000 router=0xE592427A0AEce92De3Edee1F18E0157C05861564)"", ""approval"", ""WETH -> WBTC (Uniswap V3 fee=500 router=0xE592427A0AEce92De3Edee1F18E0157C05861564)"", ""approval"", ""USDC -> WBTC (Uniswap V3 fee=3000 router=0xE592427A0AEce92De3Edee1F18E0157C05861564)""]",compounding skipped; rewards retained: proceeds cannot cover the deposit and gas,0.094223979837054836678620734756240865151758080328885191341571192968681926976206617424799077462769949,cash-USD,cash,-923.2776769428464354240,yearn-wbtc-v2,complete,851.7433269245130546400
curve-3pool-gauge,BTC,2022-03-01T00:00:00+00:00,14297758,0x3d75edc45b9dcab8bf1196fabcecdcf22c9289d02eedfe1416731fd751eca9b3,2022-02-28T23:59:58+00:00,complete,0.21530188,0.21505964,9291.2103528740284616536,-0.07087896471259715383464,-10.4654820210812435776,625.10239324968769700427827082561,,"[""approval"", ""CRV -> WETH (Uniswap V3 fee=10000 router=0xE592427A0AEce92De3Edee1F18E0157C05861564)"", ""approval"", ""WETH -> WBTC (Uniswap V3 fee=500 router=0xE592427A0AEce92De3Edee1F18E0157C05861564)"", ""approval"", ""USDC -> WBTC (Uniswap V3 fee=3000 router=0xE592427A0AEce92De3Edee1F18E0157C05861564)""]",compounding skipped; rewards retained: proceeds cannot cover the deposit and gas,-0.0011251179042189506194743863825062744459082289481169416634912802433494774871450263230400031806503501,cash-USD,cash,-708.7896471259715383464,yearn-wbtc-v2,complete,30.6209531542344493498
curve-3pool-gauge,BTC,2022-04-01T00:00:00+00:00,14497033,0xba079017e34778e071d26698d4cd9a64689487ac91218836ef5d608ec392b3ee,2022-03-31T23:59:56+00:00,complete,0.21530188,0.20826493,9489.1529565803447313096,-0.05108470434196552686904,-320.6238078480522710040,468.1223502531107920368863042934342,,"[""approval"", ""CRV -> WETH (Uniswap V3 fee=10000 router=0xE592427A0AEce92De3Edee1F18E0157C05861564)"", ""approval"", ""WETH -> WBTC (Uniswap V3 fee=500 router=0xE592427A0AEce92De3Edee1F18E0157C05861564)"", ""approval"", ""USDC -> WBTC (Uniswap V3 fee=3000 router=0xE592427A0AEce92De3Edee1F18E0157C05861564)""]",,-0.0326841084713240776160431111888107990510812074655362972213712207250582298677559155544763473500556521,yearn-usdc-v2,USD,-573.165656141405238160884,yearn-wbtc-v2,complete,-292.0868559965552306136
curve-3pool-gauge,ETH,2022-02-01T00:00:00+00:00,14116761,0x4a5a96b90503c3033b494fe07306a6de18ce0ca3833cac7ad336993a64aa9ce0,2022-02-01T00:00:00+00:00,complete,2.707209549056973607,3.39843739941546505,9120.910375224677635857331676368990,-0.087908962477532236414266832363101,1855.1547464324098769666446708990314,805.8071171855837187256711955476074,,"[""approval"", ""CRV -> WETH (Uniswap V3 fee=10000 router=0xE592427A0AEce92De3Edee1F18E0157C05861564)"", ""unwrap WETH"", ""approval"", ""USDC -> WETH (Uniswap V3 fee=500 router=0xE592427A0AEce92De3Edee1F18E0157C05861564)"", ""unwrap WETH""]",compounding skipped; rewards retained: proceeds cannot cover the deposit and gas,0.255328535834720659572949522049247908478003198346727713035504842459281075053244061428722069260504123,cash-USD,cash,-879.089624775322364142668323631010,yearn-weth-v2,complete,1936.0183278052141661275134725102350
curve-3pool-gauge,ETH,2022-03-01T00:00:00+00:00,14297758,0x3d75edc45b9dcab8bf1196fabcecdcf22c9289d02eedfe1416731fd751eca9b3,2022-02-28T23:59:58+00:00,complete,2.707209549056973607,3.196374770315854301,9331.160765007543101618437472055058,-0.0668839234992456898381562527944942,1428.017566214882797503876266446652,610.427323177165525738757627515181,,"[""approval"", ""CRV -> WETH (Uniswap V3 fee=10000 router=0xE592427A0AEce92De3Edee1F18E0157C05861564)"", ""unwrap WETH"", ""approval"", ""USDC -> WETH (Uniswap V3 fee=500 router=0xE592427A0AEce92De3Edee1F18E0157C05861564)"", ""unwrap WETH""]",compounding skipped; rewards retained: proceeds cannot cover the deposit and gas,0.180689825591549042991296179970510212994878469060594873474635490247541747685518459934802819976470650,cash-USD,cash,-668.839234992456898381562527944942,yearn-weth-v2,complete,1486.195022824262655255593066938936
curve-3pool-gauge,ETH,2022-04-01T00:00:00+00:00,14497033,0xba079017e34778e071d26698d4cd9a64689487ac91218836ef5d608ec392b3ee,2022-03-31T23:59:56+00:00,complete,2.707209549056973607,2.894916502604173974,9504.8875820080829737895572962069318,-0.04951124179919170262104427037930682,616.2987741520018355261836268633319,462.3924687513928027511734450697004,,"[""approval"", ""CRV -> WETH (Uniswap V3 fee=10000 router=0xE592427A0AEce92De3Edee1F18E0157C05861564)"", ""unwrap WETH"", ""approval"", ""USDC -> WETH (Uniswap V3 fee=500 router=0xE592427A0AEce92De3Edee1F18E0157C05861564)"", ""unwrap WETH""]",,0.069335952812587411449576377128435038322554599411831800914302945163188127969819734382882003713124940,yearn-usdc-v2,USD,-557.4310307136669956809267037930682,yearn-weth-v2,complete,652.6299957941207723587579632970437
curve-3pool-gauge,CRV,2022-02-01T00:00:00+00:00,14116761,0x4a5a96b90503c3033b494fe07306a6de18ce0ca3833cac7ad336993a64aa9ce0,2022-02-01T00:00:00+00:00,complete,1868.0817199810281463,2720.722720245141239455,8966.350519419190004341377028264292940,-0.103364948058080999565862297173570706,2809.943850105899448758771086011744540,820.1380425699835594582589902886794,,"[""approval"", ""USDC -> USDT (Uniswap V3 fee=100 router=0xE592427A0AEce92De3Edee1F18E0157C05861564)"", ""approval"", ""USDT -> CRV (Uniswap V3 fee=3000 router=0xE592427A0AEce92De3Edee1F18E0157C05861564)""]",compounding skipped; rewards retained: proceeds cannot cover the deposit and gas,0.456425964209302545807717835854687112463535984045137838656217828238970171622192989894831869066975469,cash-USD,cash,-1033.649480580809995658622971735707060,,not in catalog,
curve-3pool-gauge,CRV,2022-03-01T00:00:00+00:00,14297758,0x3d75edc45b9dcab8bf1196fabcecdcf22c9289d02eedfe1416731fd751eca9b3,2022-02-28T23:59:58+00:00,complete,1868.0817199810281463,3758.804431748231794052,9063.2843049177752764466939364203783632,-0.09367156950822247235533060635796216368,4558.9382979792834293508961824190972832,625.240387171380032223737650581651,,"[""approval"", ""USDC -> WETH (Uniswap V3 fee=500 router=0xE592427A0AEce92De3Edee1F18E0157C05861564)"", ""approval"", ""WETH -> CRV (Uniswap V3 fee=10000 router=0xE592427A0AEce92De3Edee1F18E0157C05861564)""]",compounding skipped; rewards retained: proceeds cannot cover the deposit and gas,1.012119915067958289698121841388103184661316475244936597429874004008890663312892910896675420403609999,cash-USD,cash,-936.7156950822247235533060635796216368,,not in catalog,
curve-3pool-gauge,CRV,2022-04-01T00:00:00+00:00,14497033,0xba079017e34778e071d26698d4cd9a64689487ac91218836ef5d608ec392b3ee,2022-03-31T23:59:56+00:00,complete,1868.0817199810281463,3529.760553133569682094,9280.395025683379410487604950607393286,-0.0719604974316620589512395049392606714,4368.861781228212722076032893666538586,485.4378852968614900148635621756524,,"[""approval"", ""USDC -> WETH (Uniswap V3 fee=500 router=0xE592427A0AEce92De3Edee1F18E0157C05861564)"", ""approval"", ""WETH -> CRV (Uniswap V3 fee=10000 router=0xE592427A0AEce92De3Edee1F18E0157C05861564)""]",,0.889510782841672046461995609233228074898358928439010852244961576553248284872938843767704829761413250,yearn-usdc-v2,USD,-781.923587038370558982879049392606714,,not in catalog,
curve-tricrypto2-lp,USD,2022-02-01T00:00:00+00:00,14116761,0x4a5a96b90503c3033b494fe07306a6de18ce0ca3833cac7ad336993a64aa9ce0,2022-02-01T00:00:00+00:00,complete,9986.63631,8142.153742,8151.0648333550646566392470,-0.1848935166644935343360753,-1846.5012418284599020635880,341.340400964924470903205011824186,,"[""approval"", ""USDT -> USDC (Uniswap V3 fee=100 router=0xE592427A0AEce92De3Edee1F18E0157C05861564)""]",,-0.1846950775761253290298302652417308265829898836077670280154619949307035493715701358108233742217853931,cash-USD,cash,-1848.9351666449353433607530,yearn-usdc-v2,complete,-1787.9896014102438452505075
curve-tricrypto2-lp,USD,2022-03-01T00:00:00+00:00,14297758,0x3d75edc45b9dcab8bf1196fabcecdcf22c9289d02eedfe1416731fd751eca9b3,2022-02-28T23:59:58+00:00,complete,9986.63631,8766.045266,8770.4333505918102817351992,-0.12295666494081897182648008,-1221.2020443531298244191728,280.797818050015885763623245029962,,"[""approval"", ""USDT -> USDC (Uniswap V3 fee=100 router=0xE592427A0AEce92De3Edee1F18E0157C05861564)""]",,-0.1222224386781538858302530894909499312686996208436071504440317402526897467441667553827240555634092176,cash-USD,cash,-1229.5666494081897182648008,yearn-usdc-v2,complete,-1194.7967320624931236699716
curve-tricrypto2-lp,USD,2022-04-01T00:00:00+00:00,14497033,0xba079017e34778e071d26698d4cd9a64689487ac91218836ef5d608ec392b3ee,2022-03-31T23:59:56+00:00,complete,9986.63631,9348.689028,9419.176931568725518595664,-0.0580823068431274481404336,-642.757321820649230048616,229.4855534792646549474205874635038,,"[""approval"", ""USDT -> USDC (Uniswap V3 fee=100 router=0xE592427A0AEce92De3Edee1F18E0157C05861564)""]",,-0.0638800955794494132329126542508485522288935742769629306747028219354470514406867390968401051144316679,yearn-usdc-v2,USD,-643.141681153024450874820,yearn-usdc-v2,complete,-643.141681153024450874820
curve-tricrypto2-lp,BTC,2022-02-01T00:00:00+00:00,14116761,0x4a5a96b90503c3033b494fe07306a6de18ce0ca3833cac7ad336993a64aa9ce0,2022-02-01T00:00:00+00:00,complete,0.21530188,0.21458131,8267.3608089319444514345,-0.17326391910680555485655,-27.7620272617968974715,197.8512178507128084337377418612466,,[],,-0.0033467891687708439889145417587621622254297082775124861891591471472520351424706556208426977042652856,cash-USD,cash,-1732.6391910680555485655,yearn-wbtc-v2,complete,42.3818127993039414985
curve-tricrypto2-lp,BTC,2022-03-01T00:00:00+00:00,14297758,0x3d75edc45b9dcab8bf1196fabcecdcf22c9289d02eedfe1416731fd751eca9b3,2022-02-28T23:59:58+00:00,complete,0.21530188,0.2052502,8867.413630793136808748,-0.1132586369206863191252,-434.2622041019728964832,167.578637535938674920273097310871,,[],,-0.0466864478842451352491673551573260762980797009296899776258340150118521956241162408800146101836175327,cash-USD,cash,-1132.586369206863191252,yearn-wbtc-v2,complete,-393.1757689266572035558
curve-tricrypto2-lp,BTC,2022-04-01T00:00:00+00:00,14497033,0xba079017e34778e071d26698d4cd9a64689487ac91218836ef5d608ec392b3ee,2022-03-31T23:59:56+00:00,complete,0.21530188,0.20723203,9442.0910432334752508216,-0.05579089567665247491784,-367.6857211949217514920,139.6705778024232087944124631218924,,[],,-0.0374815584517887163827830950663319800087207784716046139494926844113019356821222369261243794062550685,yearn-usdc-v2,USD,-620.227569488274718648884,yearn-wbtc-v2,complete,-339.1487693434247111016
curve-tricrypto2-lp,ETH,2022-02-01T00:00:00+00:00,14116761,0x4a5a96b90503c3033b494fe07306a6de18ce0ca3833cac7ad336993a64aa9ce0,2022-02-01T00:00:00+00:00,complete,2.707209549056973607,3.060437837550988234,8213.7688427187801290125244875165132,-0.17862311572812198709874755124834868,948.0132139265123701218374820465546,219.4876618810410411321574204731034,,"[""unwrap WETH""]",,0.130476892199592669145553106834147115921539728595757384670815763622447653502263031139777459632923878,cash-USD,cash,-1786.2311572812198709874755124834868,yearn-weth-v2,complete,1028.8767952993166592827062836577582
curve-tricrypto2-lp,ETH,2022-03-01T00:00:00+00:00,14297758,0x3d75edc45b9dcab8bf1196fabcecdcf22c9289d02eedfe1416731fd751eca9b3,2022-02-28T23:59:58+00:00,complete,2.707209549056973607,3.030254895578603641,8846.207851528305922508353910620778,-0.1153792148471694077491646089379222,943.064652735645618393792705012372,184.984407183242597980225979877883,,"[""unwrap WETH""]",,0.119327795158730617751101165004564461370325859164484046756746031838967751433266374033526059670196177,cash-USD,cash,-1153.792148471694077491646089379222,yearn-weth-v2,complete,1001.242109345025476145509505504656
curve-tricrypto2-lp,ETH,2022-04-01T00:00:00+00:00,14497033,0xba079017e34778e071d26698d4cd9a64689487ac91218836ef5d608ec392b3ee,2022-03-31T23:59:56+00:00,complete,2.707209549056973607,2.862028470150338383,9396.9062115658134106822158032575431,-0.06030937884341865893177841967424569,508.3174037097322724188421339139432,153.8203555601959289266294257295308,,"[""unwrap WETH""]",,0.057187638521478408821030362019030128213861457147949741288388670124361943230232733461980120152568727,yearn-usdc-v2,USD,-665.4124011559365587882681967424569,yearn-weth-v2,complete,544.6486253518512092514164703476550
curve-tricrypto2-lp,CRV,2022-02-01T00:00:00+00:00,14116761,0x4a5a96b90503c3033b494fe07306a6de18ce0ca3833cac7ad336993a64aa9ce0,2022-02-01T00:00:00+00:00,complete,1868.0817199810281463,2413.211560407677067371,7952.923893023607958352782129753143228,-0.2047076106976392041647217870246856772,1796.517223710317402770176187500594828,377.0727523856895908225430877151992,,"[""approval"", ""USDT -> CRV (Uniswap V3 fee=3000 router=0xE592427A0AEce92De3Edee1F18E0157C05861564)""]",,0.291812630355477782632505125892299983596503903076202293698715005823008884733623308864114608908372539,cash-USD,cash,-2047.076106976392041647217870246856772,,not in catalog,
curve-tricrypto2-lp,CRV,2022-03-01T00:00:00+00:00,14297758,0x3d75edc45b9dcab8bf1196fabcecdcf22c9289d02eedfe1416731fd751eca9b3,2022-02-28T23:59:58+00:00,complete,1868.0817199810281463,3487.186155576744031459,8408.3543387399666055685895525793860444,-0.15916456612600333944314104474206139556,3904.0083318014747584727917985781049644,317.708431474373470100255629623452,,"[""approval"", ""USDT -> CRV (Uniswap V3 fee=3000 router=0xE592427A0AEce92De3Edee1F18E0157C05861564)""]",,0.866720346480430832956943684281557165484885046758964018270265352480504761498035036945436259372209323,cash-USD,cash,-1591.6456612600333944314104474206139556,,not in catalog,
curve-tricrypto2-lp,CRV,2022-04-01T00:00:00+00:00,14497033,0xba079017e34778e071d26698d4cd9a64689487ac91218836ef5d608ec392b3ee,2022-03-31T23:59:56+00:00,complete,1868.0817199810281463,3440.440983414867530475,9045.557314162765662564164535141572775,-0.0954442685837234337435835464858427225,4134.024069707598974152592478200718075,300.6294102510403432411484989883202,,"[""approval"", ""USDT -> WETH (Uniswap V3 fee=500 router=0xE592427A0AEce92De3Edee1F18E0157C05861564)"", ""approval"", ""WETH -> CRV (Uniswap V3 fee=10000 router=0xE592427A0AEce92De3Edee1F18E0157C05861564)""]",,0.841697259073766827199528777442103892903877596573437287275044302408947619361277788107409695996079538,yearn-usdc-v2,USD,-1016.761298558984306906319464858427225,,not in catalog,
curve-tricrypto2-gauge,USD,2022-02-01T00:00:00+00:00,14116761,0x4a5a96b90503c3033b494fe07306a6de18ce0ca3833cac7ad336993a64aa9ce0,2022-02-01T00:00:00+00:00,complete,9986.63631,7744.519073,7752.9949774286471357679805,-0.22470050225713528642320195,-2244.5710977548774229348545,781.2555054742952477820027065888294,,"[""approval"", ""CRV -> USDC (Uniswap V3 fee=10000 router=0xE592427A0AEce92De3Edee1F18E0157C05861564)"", ""approval"", ""USDT -> USDC (Uniswap V3 fee=100 router=0xE592427A0AEce92De3Edee1F18E0157C05861564)""]",compounding skipped; rewards retained: proceeds cannot cover the deposit and gas,-0.2245117542485133315123197872818100051547786864384170209158242591493751913751227814563320169611743877,cash-USD,cash,-2247.0050225713528642320195,yearn-usdc-v2,complete,-2186.0594573366613661217740
curve-tricrypto2-gauge,USD,2022-03-01T00:00:00+00:00,14297758,0x3d75edc45b9dcab8bf1196fabcecdcf22c9289d02eedfe1416731fd751eca9b3,2022-02-28T23:59:58+00:00,complete,9986.63631,8446.890725,8451.1190480253031732118700,-0.154888095197469682678813,-1540.5163469196369329425020,651.273978306222121675083370702411,,"[""approval"", ""CRV -> WETH (Uniswap V3 fee=10000 router=0xE592427A0AEce92De3Edee1F18E0157C05861564)"", ""approval"", ""WETH -> USDC (Uniswap V3 fee=500 router=0xE592427A0AEce92De3Edee1F18E0157C05861564)"", ""approval"", ""USDT -> USDC (Uniswap V3 fee=100 router=0xE592427A0AEce92De3Edee1F18E0157C05861564)""]",compounding skipped; rewards retained: proceeds cannot cover the deposit and gas,-0.1541806006751436410324228579021918942795664899906623314291896948032545304536077573450754811757032934,cash-USD,cash,-1548.8809519746968267881300,yearn-usdc-v2,complete,-1514.1110346290002321933008
curve-tricrypto2-gauge,USD,2022-04-01T00:00:00+00:00,14497033,0xba079017e34778e071d26698d4cd9a64689487ac91218836ef5d608ec392b3ee,2022-03-31T23:59:56+00:00,complete,9986.63631,9180.913359,9250.136255770207542331692,-0.0749863744229792457668308,-811.797997619167206312588,472.5826179951510744090135543447588,,"[""approval"", ""CRV -> USDC (Uniswap V3 fee=10000 router=0xE592427A0AEce92De3Edee1F18E0157C05861564)"", ""approval"", ""USDT -> USDC (Uniswap V3 fee=100 router=0xE592427A0AEce92De3Edee1F18E0157C05861564)""]",,-0.0806801135026013578740207472319576239779978530128329064984243929075254368605318721174096706441490508,yearn-usdc-v2,USD,-812.182356951542427138792,yearn-usdc-v2,complete,-812.182356951542427138792
curve-tricrypto2-gauge,BTC,2022-02-01T00:00:00+00:00,14116761,0x4a5a96b90503c3033b494fe07306a6de18ce0ca3833cac7ad336993a64aa9ce0,2022-02-01T00:00:00+00:00,complete,0.21530188,0.2027724,7812.388660005253081380,-0.218761133999474691862,-482.7341761884882675260,698.5572480150542380657251439481288,,"[""approval"", ""CRV -> WETH (Uniswap V3 fee=10000 router=0xE592427A0AEce92De3Edee1F18E0157C05861564)"", ""approval"", ""WETH -> WBTC (Uniswap V3 fee=500 router=0xE592427A0AEce92De3Edee1F18E0157C05861564)""]",compounding skipped; rewards retained: proceeds cannot cover the deposit and gas,-0.0581949400534728261546067317201317517524696022161998771213702360611063869948557811014005079751277601,cash-USD,cash,-2187.611339994746918620,yearn-wbtc-v2,complete,-412.5903361273874285560
curve-tricrypto2-gauge,BTC,2022-03-01T00:00:00+00:00,14297758,0x3d75edc45b9dcab8bf1196fabcecdcf22c9289d02eedfe1416731fd751eca9b3,2022-02-28T23:59:58+00:00,complete,0.21530188,0.19793495,8551.3732685296189459630,-0.1448626731470381054037,-750.3025663654907592682,535.079090556940199719468437597014,,"[""approval"", ""CRV -> WETH (Uniswap V3 fee=10000 router=0xE592427A0AEce92De3Edee1F18E0157C05861564)"", ""approval"", ""WETH -> WBTC (Uniswap V3 fee=500 router=0xE592427A0AEce92De3Edee1F18E0157C05861564)""]",compounding skipped; rewards retained: proceeds cannot cover the deposit and gas,-0.0806631600244270974317548922471090359266718897206099640188929144510953643321646796581618330504127507,cash-USD,cash,-1448.6267314703810540370,yearn-wbtc-v2,complete,-709.2161311901750663408
curve-tricrypto2-gauge,BTC,2022-04-01T00:00:00+00:00,14497033,0xba079017e34778e071d26698d4cd9a64689487ac91218836ef5d608ec392b3ee,2022-03-31T23:59:56+00:00,complete,0.21530188,0.20307067,9252.4874381166887455224,-0.07475125618833112544776,-557.2893263117082567912,406.0801404417063271836258977406126,,"[""approval"", ""CRV -> WETH (Uniswap V3 fee=10000 router=0xE592427A0AEce92De3Edee1F18E0157C05861564)"", ""approval"", ""WETH -> WBTC (Uniswap V3 fee=500 router=0xE592427A0AEce92De3Edee1F18E0157C05861564)""]",,-0.0568095828982078558719505839893269859046284221949199886224867149325403010879421953955998897919516541,yearn-usdc-v2,USD,-809.831174605061223948084,yearn-wbtc-v2,complete,-528.7523744602112164008
curve-tricrypto2-gauge,ETH,2022-02-01T00:00:00+00:00,14116761,0x4a5a96b90503c3033b494fe07306a6de18ce0ca3833cac7ad336993a64aa9ce0,2022-02-01T00:00:00+00:00,complete,2.707209549056973607,2.909457095134330525,7808.5585480686337274837516223848950,-0.2191441451931366272516248377615105,542.8029192763659685930646169149364,670.740902003510086492379412630594,,"[""approval"", ""CRV -> WETH (Uniswap V3 fee=10000 router=0xE592427A0AEce92De3Edee1F18E0157C05861564)"", ""unwrap WETH"", ""unwrap WETH""]",compounding skipped; rewards retained: proceeds cannot cover the deposit and gas,0.074707015623451684955521189216171874283465445027550925329910695216658798326966636216983565820771125,cash-USD,cash,-2191.4414519313662725162483776151050,yearn-weth-v2,complete,623.6665006491702577539334185261400
curve-tricrypto2-gauge,ETH,2022-03-01T00:00:00+00:00,14297758,0x3d75edc45b9dcab8bf1196fabcecdcf22c9289d02eedfe1416731fd751eca9b3,2022-02-28T23:59:58+00:00,complete,2.707209549056973607,2.933055237240305443,8562.453378591816889264312100256494,-0.1437546621408183110735687899743506,659.310179799156585149750894648088,520.102032984568866417315017913948,,"[""approval"", ""CRV -> WETH (Uniswap V3 fee=10000 router=0xE592427A0AEce92De3Edee1F18E0157C05861564)"", ""unwrap WETH"", ""unwrap WETH""]",compounding skipped; rewards retained: proceeds cannot cover the deposit and gas,0.083423792687936799834680257743646597201277370355554668296336294454119915052033784189696666376841820,cash-USD,cash,-1437.546621408183110735687899743506,yearn-weth-v2,complete,717.487636408536442901467695140372
curve-tricrypto2-gauge,ETH,2022-04-01T00:00:00+00:00,14497033,0xba079017e34778e071d26698d4cd9a64689487ac91218836ef5d608ec392b3ee,2022-03-31T23:59:56+00:00,complete,2.707209549056973607,2.810093442953107434,9226.3877891401051515213028428788538,-0.07736122108598948484786971571211462,337.7989812840240132579291735352539,401.351814652956441357551351031084,,"[""approval"", ""CRV -> WETH (Uniswap V3 fee=10000 router=0xE592427A0AEce92De3Edee1F18E0157C05861564)"", ""unwrap WETH"", ""unwrap WETH""]",,0.038003668364708705057109250602971090879556369367647672654282885356256639010136181836397486849870945,yearn-usdc-v2,USD,-835.9308235816448179491811571211462,yearn-weth-v2,complete,374.1302029261429500905035099689657
curve-tricrypto2-gauge,CRV,2022-02-01T00:00:00+00:00,14116761,0x4a5a96b90503c3033b494fe07306a6de18ce0ca3833cac7ad336993a64aa9ce0,2022-02-01T00:00:00+00:00,complete,1868.0817199810281463,2318.560233735843365014,7640.993182204519246227574841772728952,-0.2359006817795480753772425158227271048,1484.586512891228690644968899520180552,737.5911949887112849726722570097998,,"[""approval"", ""USDT -> CRV (Uniswap V3 fee=3000 router=0xE592427A0AEce92De3Edee1F18E0157C05861564)""]",compounding skipped; rewards retained: proceeds cannot cover the deposit and gas,0.241144971837415220700403867638767576885103753874839956213389996536230139329947977304171890860334348,cash-USD,cash,-2359.006817795480753772425158227271048,,not in catalog,
curve-tricrypto2-gauge,CRV,2022-03-01T00:00:00+00:00,14297758,0x3d75edc45b9dcab8bf1196fabcecdcf22c9289d02eedfe1416731fd751eca9b3,2022-02-28T23:59:58+00:00,complete,1868.0817199810281463,3395.929106971402166183,8188.3140064066262470858747374738051628,-0.18116859935933737529141252625261948372,3683.9679994681343999900769834725240828,593.940462740597387789772061535219,,"[""approval"", ""USDT -> CRV (Uniswap V3 fee=3000 router=0xE592427A0AEce92De3Edee1F18E0157C05861564)""]",compounding skipped; rewards retained: proceeds cannot cover the deposit and gas,0.817869673820206604066755537758877224651620831974284606720571308690320418985144984768176454895297927,cash-USD,cash,-1811.6859935933737529141252625261948372,,not in catalog,
curve-tricrypto2-gauge,CRV,2022-04-01T00:00:00+00:00,14497033,0xba079017e34778e071d26698d4cd9a64689487ac91218836ef5d608ec392b3ee,2022-03-31T23:59:56+00:00,complete,1868.0817199810281463,3389.427273266185272926,8911.432810594047361142030915195807094,-0.1088567189405952638857969084804192906,3999.899566138880672730458858254952394,513.766439787566988323516586742977,,"[""approval"", ""USDT -> WETH (Uniswap V3 fee=500 router=0xE592427A0AEce92De3Edee1F18E0157C05861564)"", ""approval"", ""WETH -> CRV (Uniswap V3 fee=10000 router=0xE592427A0AEce92De3Edee1F18E0157C05861564)""]",,0.814389187053662512760760818986693760569804053471618549503353913352026076302185064643847642830501077,yearn-usdc-v2,USD,-1150.885802127702608328453084804192906,,not in catalog,
curve-eth-steth-lp,USD,2022-02-01T00:00:00+00:00,14116761,0x4a5a96b90503c3033b494fe07306a6de18ce0ca3833cac7ad336993a64aa9ce0,2022-02-01T00:00:00+00:00,complete,9986.63631,7094.837698,7102.6025657339645632487930,-0.2897397434266035436751207,-2894.9635094495599954540420,258.2642711751699815327883347825914,,"[""wrap ETH"", ""approval"", ""WETH -> USDC (Uniswap V3 fee=500 router=0xE592427A0AEce92De3Edee1F18E0157C05861564)""]",,-0.2895668293341504493017829744117316313885070277481647872285438218787002167299311613761971472054137516,cash-USD,cash,-2897.3974342660354367512070,yearn-usdc-v2,complete,-2836.4518690313439386409615
curve-eth-steth-lp,USD,2022-03-01T00:00:00+00:00,14297758,0x3d75edc45b9dcab8bf1196fabcecdcf22c9289d02eedfe1416731fd751eca9b3,2022-02-28T23:59:58+00:00,complete,9986.63631,7797.512567,7801.4158259624434797106404,-0.21985841740375565202893596,-2190.2195689824966264437316,200.729802749276723894895611627805,,"[""wrap ETH"", ""approval"", ""WETH -> USDC (Uniswap V3 fee=500 router=0xE592427A0AEce92De3Edee1F18E0157C05861564)""]",,-0.2192053134855774075946098011052932796748658207620259278271444331790230178112894550777928549597897593,cash-USD,cash,-2198.5841740375565202893596,yearn-usdc-v2,complete,-2163.8142566918599256945304
curve-eth-steth-lp,USD,2022-04-01T00:00:00+00:00,14497033,0xba079017e34778e071d26698d4cd9a64689487ac91218836ef5d608ec392b3ee,2022-03-31T23:59:56+00:00,complete,9986.63631,8824.281509,8890.815447844979164113892,-0.1109184552155020835886108,-1171.118805544395584530388,159.8510224063878003064266694221012,,"[""wrap ETH"", ""approval"", ""WETH -> USDC (Uniswap V3 fee=500 router=0xE592427A0AEce92De3Edee1F18E0157C05861564)""]",,-0.1163910214529480547389634538518605570407519926997321483513601588240875871046915094878427589399217843,yearn-usdc-v2,USD,-1171.503164876770805356592,yearn-usdc-v2,complete,-1171.503164876770805356592
curve-eth-steth-lp,BTC,2022-02-01T00:00:00+00:00,14116761,0x4a5a96b90503c3033b494fe07306a6de18ce0ca3833cac7ad336993a64aa9ce0,2022-02-01T00:00:00+00:00,complete,0.21530188,0.18373969,7079.0988840141981825155,-0.29209011159858018174845,-1216.0239521795431663905,248.662185505388163019256666724933,,"[""wrap ETH"", ""approval"", ""WETH -> WBTC (Uniswap V3 fee=500 router=0xE592427A0AEce92De3Edee1F18E0157C05861564)""]",,-0.1465950506330924746221444977628620799781218817039591108075786426017273978285744648397868146808564793,cash-USD,cash,-2920.9011159858018174845,yearn-wbtc-v2,complete,-1145.8801121184423274205
curve-eth-steth-lp,BTC,2022-03-01T00:00:00+00:00,14297758,0x3d75edc45b9dcab8bf1196fabcecdcf22c9289d02eedfe1416731fd751eca9b3,2022-02-28T23:59:58+00:00,complete,0.21530188,0.18024847,7787.2652002658598933278,-0.22127347997341401066722,-1514.4106346292498119034,195.590204644240153088279725232289,,"[""wrap ETH"", ""approval"", ""WETH -> WBTC (Uniswap V3 fee=500 router=0xE592427A0AEce92De3Edee1F18E0157C05861564)""]",,-0.1628105151706060346523681075148995447694186413978363774621940133546441861074320391442935844313110503,cash-USD,cash,-2212.7347997341401066722,yearn-wbtc-v2,complete,-1473.3241994539341189760
curve-eth-steth-lp,BTC,2022-04-01T00:00:00+00:00,14497033,0xba079017e34778e071d26698d4cd9a64689487ac91218836ef5d608ec392b3ee,2022-03-31T23:59:56+00:00,complete,0.21530188,0.19354631,8818.5300317807512828632,-0.11814699682192487171368,-991.2467326476457194504,153.2761001978301236788414486594212,,"[""wrap ETH"", ""approval"", ""WETH -> WBTC (Uniswap V3 fee=500 router=0xE592427A0AEce92De3Edee1F18E0157C05861564)""]",,-0.1010468185414823131131042608638624056603685950164485326370582551346044911451771809888515604229744766,yearn-usdc-v2,USD,-1243.788580940998686607284,yearn-wbtc-v2,complete,-962.7097807961486790600
curve-eth-steth-lp,ETH,2022-02-01T00:00:00+00:00,14116761,0x4a5a96b90503c3033b494fe07306a6de18ce0ca3833cac7ad336993a64aa9ce0,2022-02-01T00:00:00+00:00,complete,2.707209549056973607,2.684475193174844524,7204.7399330272002198418520687848552,-0.27952600669727997801581479312151448,-61.0156957650675390488349366851034,97.4205861200936184970557992738126,,[],,-0.0083977082195385811533273884577424407672522752587652720338241109262195552328724299518372941047826487,cash-USD,cash,-2795.2600669727997801581479312151448,yearn-weth-v2,complete,19.8478856077367501120338649261002
curve-eth-steth-lp,ETH,2022-03-01T00:00:00+00:00,14297758,0x3d75edc45b9dcab8bf1196fabcecdcf22c9289d02eedfe1416731fd751eca9b3,2022-02-28T23:59:58+00:00,complete,2.707209549056973607,2.699443558317510344,7880.471981148700889768401746006352,-0.2119528018851299110231598253993648,-22.671217643959414346159459602054,77.575762970793803746515458401291,,[],,-0.0028686330329207281578464749910576726351241721499083634547754677022655774585884958328529891956649183,cash-USD,cash,-2119.528018851299110231598253993648,yearn-weth-v2,complete,35.506238965420443405557340890230
curve-eth-steth-lp,ETH,2022-04-01T00:00:00+00:00,14497033,0xba079017e34778e071d26698d4cd9a64689487ac91218836ef5d608ec392b3ee,2022-03-31T23:59:56+00:00,complete,2.707209549056973607,2.711082147765796445,8901.3037222048987569509000985751365,-0.10986962777951012430490999014248635,12.7149143488176186875264292315366,62.3028827220634956316925678950698,,[],,0.001430476155852735806700412713516999610480569738997077886915464596095988385522502980594605026464198,yearn-usdc-v2,USD,-1161.0148905168512125195839014248635,yearn-weth-v2,complete,49.0461359909365555201007656652484
curve-eth-steth-lp,CRV,2022-02-01T00:00:00+00:00,14116761,0x4a5a96b90503c3033b494fe07306a6de18ce0ca3833cac7ad336993a64aa9ce0,2022-02-01T00:00:00+00:00,complete,1868.0817199810281463,2111.298358907557884523,6957.945767929627768000115705270853564,-0.3042054232070372231999884294729146436,801.539098616337212417509763018305164,246.2425070928395758367683949706778,,"[""wrap ETH"", ""approval"", ""WETH -> CRV (Uniswap V3 fee=10000 router=0xE592427A0AEce92De3Edee1F18E0157C05861564)""]",,0.130195931112157018687809396930436900721907111192960790868689879688024076542064655727284592530780137,cash-USD,cash,-3042.054232070372231999884294729146436,,not in catalog,
curve-eth-steth-lp,CRV,2022-03-01T00:00:00+00:00,14297758,0x3d75edc45b9dcab8bf1196fabcecdcf22c9289d02eedfe1416731fd751eca9b3,2022-02-28T23:59:58+00:00,complete,1868.0817199810281463,3139.556011244419261849,7570.1434426284939857096100016308137684,-0.24298565573715060142903899983691862316,3065.7974356900021386138122476295326884,193.450046347967600822747568670127,,"[""wrap ETH"", ""approval"", ""WETH -> CRV (Uniswap V3 fee=10000 router=0xE592427A0AEce92De3Edee1F18E0157C05861564)""]",,0.680630979717688124971262845187084275629620267365399641670392902535229089318649681652330313709113103,cash-USD,cash,-2429.8565573715060142903899983691862316,,not in catalog,
curve-eth-steth-lp,CRV,2022-04-01T00:00:00+00:00,14497033,0xba079017e34778e071d26698d4cd9a64689487ac91218836ef5d608ec392b3ee,2022-03-31T23:59:56+00:00,complete,1868.0817199810281463,3283.221517298096102572,8632.198184180027162890428786137171868,-0.1367801815819972837109571213862828132,3720.664939724860474478856729196317168,152.8577557341100097083220526355542,,"[""wrap ETH"", ""approval"", ""WETH -> CRV (Uniswap V3 fee=10000 router=0xE592427A0AEce92De3Edee1F18E0157C05861564)""]",,0.757536344465401559077206966668762583671264948782564634004470002172670931134243203795025432357754942,yearn-usdc-v2,USD,-1430.120428541722806580055213862828132,,not in catalog,
curve-eth-steth-gauge,USD,2022-02-01T00:00:00+00:00,14116761,0x4a5a96b90503c3033b494fe07306a6de18ce0ca3833cac7ad336993a64aa9ce0,2022-02-01T00:00:00+00:00,complete,9986.63631,6307.334315,6314.2373082458746684599775,-0.36857626917541253315400225,-3683.3287669376498902428575,1109.359604182875273061333130699104,,"[""approval"", ""CRV -> USDC (Uniswap V3 fee=10000 router=0xE592427A0AEce92De3Edee1F18E0157C05861564)"", ""approval"", ""LDO -> WETH (Uniswap V3 fee=10000 router=0xE592427A0AEce92De3Edee1F18E0157C05861564)"", ""approval"", ""WETH -> USDC (Uniswap V3 fee=500 router=0xE592427A0AEce92De3Edee1F18E0157C05861564)"", ""wrap ETH"", ""approval"", ""WETH -> USDC (Uniswap V3 fee=500 router=0xE592427A0AEce92De3Edee1F18E0157C05861564)""]",compounding skipped; rewards retained: proceeds cannot cover the deposit and gas,-0.3684225479720108081116253246234417041667556230452133086640861160988849507827926498306615513467116537,cash-USD,cash,-3685.7626917541253315400225,yearn-usdc-v2,complete,-3624.8171265194338334297770
curve-eth-steth-gauge,USD,2022-03-01T00:00:00+00:00,14297758,0x3d75edc45b9dcab8bf1196fabcecdcf22c9289d02eedfe1416731fd751eca9b3,2022-02-28T23:59:58+00:00,complete,9986.63631,7204.668707,7208.2752016943526774732084,-0.27917247983056473225267916,-2783.3601932505874286811636,858.420991557160033608188832753848,,"[""approval"", ""CRV -> WETH (Uniswap V3 fee=3000 router=0xE592427A0AEce92De3Edee1F18E0157C05861564)"", ""approval"", ""WETH -> USDC (Uniswap V3 fee=500 router=0xE592427A0AEce92De3Edee1F18E0157C05861564)"", ""approval"", ""LDO -> WETH (Uniswap V3 fee=10000 router=0xE592427A0AEce92De3Edee1F18E0157C05861564)"", ""approval"", ""WETH -> USDC (Uniswap V3 fee=500 router=0xE592427A0AEce92De3Edee1F18E0157C05861564)"", ""wrap ETH"", ""approval"", ""WETH -> USDC (Uniswap V3 fee=500 router=0xE592427A0AEce92De3Edee1F18E0157C05861564)""]",compounding skipped; rewards retained: proceeds cannot cover the deposit and gas,-0.2785690313178131546476633432143079615162234740477897707681716908343085540881181844099817829452928180,cash-USD,cash,-2791.7247983056473225267916,yearn-usdc-v2,complete,-2756.9548809599507279319624
curve-eth-steth-gauge,USD,2022-04-01T00:00:00+00:00,14497033,0xba079017e34778e071d26698d4cd9a64689487ac91218836ef5d608ec392b3ee,2022-03-31T23:59:56+00:00,complete,9986.63631,8478.85459,8542.78405464719713466492,-0.145721594535280286533508,-1519.15019874217761397936,595.9450850713181906777830954943952,,"[""approval"", ""CRV -> USDC (Uniswap V3 fee=10000 router=0xE592427A0AEce92De3Edee1F18E0157C05861564)"", ""approval"", ""LDO -> WETH (Uniswap V3 fee=10000 router=0xE592427A0AEce92De3Edee1F18E0157C05861564)"", ""approval"", ""WETH -> USDC (Uniswap V3 fee=500 router=0xE592427A0AEce92De3Edee1F18E0157C05861564)"", ""wrap ETH"", ""approval"", ""WETH -> USDC (Uniswap V3 fee=500 router=0xE592427A0AEce92De3Edee1F18E0157C05861564)""]",,-0.1509799369073048781126585353742595638791215778238348603685158131086481910744579823394009228718973946,yearn-usdc-v2,USD,-1519.534558074552834805564,yearn-usdc-v2,complete,-1519.534558074552834805564
curve-eth-steth-gauge,BTC,2022-02-01T00:00:00+00:00,14116761,0x4a5a96b90503c3033b494fe07306a6de18ce0ca3833cac7ad336993a64aa9ce0,2022-02-01T00:00:00+00:00,complete,0.21530188,0.16183962,6235.3358347958566190190,-0.3764664165204143380981,-2059.7870013978847298870,1155.7140088923759021631692465170752,,"[""approval"", ""CRV -> WETH (Uniswap V3 fee=10000 router=0xE592427A0AEce92De3Edee1F18E0157C05861564)"", ""approval"", ""WETH -> WBTC (Uniswap V3 fee=500 router=0xE592427A0AEce92De3Edee1F18E0157C05861564)"", ""approval"", ""LDO -> WETH (Uniswap V3 fee=10000 router=0xE592427A0AEce92De3Edee1F18E0157C05861564)"", ""approval"", ""WETH -> WBTC (Uniswap V3 fee=500 router=0xE592427A0AEce92De3Edee1F18E0157C05861564)"", ""wrap ETH"", ""approval"", ""WETH -> WBTC (Uniswap V3 fee=500 router=0xE592427A0AEce92De3Edee1F18E0157C05861564)""]",compounding skipped; rewards retained: proceeds cannot cover the deposit and gas,-0.2483130198398639157261422891430395312850960706892108884511366087467513056551108610849101735665290057,cash-USD,cash,-3764.6641652041433809810,yearn-wbtc-v2,complete,-1989.6431613367838909170
curve-eth-steth-gauge,BTC,2022-03-01T00:00:00+00:00,14297758,0x3d75edc45b9dcab8bf1196fabcecdcf22c9289d02eedfe1416731fd751eca9b3,2022-02-28T23:59:58+00:00,complete,0.21530188,0.16666127,7200.2581109460321491998,-0.27997418890539678508002,-2101.4177239490775560314,847.427325492092364620467476559832,,"[""approval"", ""CRV -> WETH (Uniswap V3 fee=3000 router=0xE592427A0AEce92De3Edee1F18E0157C05861564)"", ""approval"", ""WETH -> WBTC (Uniswap V3 fee=3000 router=0xE592427A0AEce92De3Edee1F18E0157C05861564)"", ""approval"", ""LDO -> WETH (Uniswap V3 fee=10000 router=0xE592427A0AEce92De3Edee1F18E0157C05861564)"", ""approval"", ""WETH -> WBTC (Uniswap V3 fee=500 router=0xE592427A0AEce92De3Edee1F18E0157C05861564)"", ""wrap ETH"", ""approval"", ""WETH -> WBTC (Uniswap V3 fee=500 router=0xE592427A0AEce92De3Edee1F18E0157C05861564)""]",compounding skipped; rewards retained: proceeds cannot cover the deposit and gas,-0.2259181852011696321462683001188842382611800695841578345716256634637839669583934891790076333750545978,cash-USD,cash,-2799.7418890539678508002,yearn-wbtc-v2,complete,-2060.3312887737618631040
curve-eth-steth-gauge,BTC,2022-04-01T00:00:00+00:00,14497033,0xba079017e34778e071d26698d4cd9a64689487ac91218836ef5d608ec392b3ee,2022-03-31T23:59:56+00:00,complete,0.21530188,0.18545492,8449.8628858462694881824,-0.15501371141537305118176,-1359.9138785821275141312,610.8661489998531833596976046831324,,"[""approval"", ""CRV -> WETH (Uniswap V3 fee=10000 router=0xE592427A0AEce92De3Edee1F18E0157C05861564)"", ""approval"", ""WETH -> WBTC (Uniswap V3 fee=100 router=0xE592427A0AEce92De3Edee1F18E0157C05861564)"", ""approval"", ""LDO -> WETH (Uniswap V3 fee=10000 router=0xE592427A0AEce92De3Edee1F18E0157C05861564)"", ""approval"", ""WETH -> WBTC (Uniswap V3 fee=500 router=0xE592427A0AEce92De3Edee1F18E0157C05861564)"", ""wrap ETH"", ""approval"", ""WETH -> WBTC (Uniswap V3 fee=500 router=0xE592427A0AEce92De3Edee1F18E0157C05861564)""]",,-0.1386284225664912912047029036625225938575176398831259624857897199968713696322577396908935490948801748,yearn-usdc-v2,USD,-1612.455726875480481288084,yearn-wbtc-v2,complete,-1331.3769267306304737408
curve-eth-steth-gauge,ETH,2022-02-01T00:00:00+00:00,14116761,0x4a5a96b90503c3033b494fe07306a6de18ce0ca3833cac7ad336993a64aa9ce0,2022-02-01T00:00:00+00:00,complete,2.707209549056973607,2.407048603036509904,6460.1674230874352190079572068029792,-0.35398325769125647809920427931970208,-805.5882057048325398827297986669794,905.5231579106333485500670823213556,,"[""approval"", ""CRV -> WETH (Uniswap V3 fee=10000 router=0xE592427A0AEce92De3Edee1F18E0157C05861564)"", ""unwrap WETH"", ""approval"", ""LDO -> WETH (Uniswap V3 fee=10000 router=0xE592427A0AEce92De3Edee1F18E0157C05861564)"", ""unwrap WETH""]",compounding skipped; rewards retained: proceeds cannot cover the deposit and gas,-0.1108746628516515968939619393377224644959372371188164048381637641178390949527156583307871209416731629,cash-USD,cash,-3539.8325769125647809920427931970208,yearn-weth-v2,complete,-724.7246243320282507218609970557758
curve-eth-steth-gauge,ETH,2022-03-01T00:00:00+00:00,14297758,0x3d75edc45b9dcab8bf1196fabcecdcf22c9289d02eedfe1416731fd751eca9b3,2022-02-28T23:59:58+00:00,complete,2.707209549056973607,2.52067541883787077,7358.59505212358169109975113621666,-0.264140494787641830890024886378334,-544.548146669078613014810069391746,664.635888257389520946181089096034,,"[""approval"", ""CRV -> WETH (Uniswap V3 fee=3000 router=0xE592427A0AEce92De3Edee1F18E0157C05861564)"", ""unwrap WETH"", ""approval"", ""LDO -> WETH (Uniswap V3 fee=10000 router=0xE592427A0AEce92De3Edee1F18E0157C05861564)"", ""unwrap WETH""]",compounding skipped; rewards retained: proceeds cannot cover the deposit and gas,-0.0689027305936032659531422075416405807943647045013323117201630267652598094973495553228056151826958980,cash-USD,cash,-2641.40494787641830890024886378334,yearn-weth-v2,complete,-486.370690059698755263093268899462
curve-eth-steth-gauge,ETH,2022-04-01T00:00:00+00:00,14497033,0xba079017e34778e071d26698d4cd9a64689487ac91218836ef5d608ec392b3ee,2022-03-31T23:59:56+00:00,complete,2.707209549056973607,2.610434091653542079,8570.8456734722154457017740205957303,-0.14291543265277845542982259794042697,-317.7431343838656925615996487478696,482.1142548443792248505299626696282,,"[""approval"", ""CRV -> WETH (Uniswap V3 fee=10000 router=0xE592427A0AEce92De3Edee1F18E0157C05861564)"", ""unwrap WETH"", ""approval"", ""LDO -> WETH (Uniswap V3 fee=10000 router=0xE592427A0AEce92De3Edee1F18E0157C05861564)"", ""unwrap WETH""]",,-0.0357473094157569680033805402691654817398314708830798252816281962238217012244385735048866059970786465,yearn-usdc-v2,USD,-1491.4729392495345237687099794042697,yearn-weth-v2,complete,-281.4119127417467557290253123141578
curve-eth-steth-gauge,CRV,2022-02-01T00:00:00+00:00,14116761,0x4a5a96b90503c3033b494fe07306a6de18ce0ca3833cac7ad336993a64aa9ce0,2022-02-01T00:00:00+00:00,complete,1868.0817199810281463,1898.638561815463305201,6257.109086584724745083192201441575668,-0.3742890913415275254916807798558424332,100.702417271434189500586259189027268,1012.4304935737001948083632164448988,,"[""approval"", ""LDO -> WETH (Uniswap V3 fee=10000 router=0xE592427A0AEce92De3Edee1F18E0157C05861564)"", ""approval"", ""WETH -> CRV (Uniswap V3 fee=10000 router=0xE592427A0AEce92De3Edee1F18E0157C05861564)"", ""wrap ETH"", ""approval"", ""WETH -> CRV (Uniswap V3 fee=10000 router=0xE592427A0AEce92De3Edee1F18E0157C05861564)""]",compounding skipped; rewards retained: proceeds cannot cover the deposit and gas,0.016357336784359459339602389616446776831569031875053665861140247562813385536444025109778983364079947,cash-USD,cash,-3742.890913415275254916807798558424332,,not in catalog,
curve-eth-steth-gauge,CRV,2022-03-01T00:00:00+00:00,14297758,0x3d75edc45b9dcab8bf1196fabcecdcf22c9289d02eedfe1416731fd751eca9b3,2022-02-28T23:59:58+00:00,complete,1868.0817199810281463,2935.508403978642736014,7078.1408630934358023712834872046612824,-0.29218591369065641976287165127953387176,2573.7948561549439552754857332033802024,753.56827805287149348103969509007,,"[""approval"", ""LDO -> WETH (Uniswap V3 fee=10000 router=0xE592427A0AEce92De3Edee1F18E0157C05861564)"", ""approval"", ""WETH -> CRV (Uniswap V3 fee=10000 router=0xE592427A0AEce92De3Edee1F18E0157C05861564)"", ""wrap ETH"", ""approval"", ""WETH -> CRV (Uniswap V3 fee=10000 router=0xE592427A0AEce92De3Edee1F18E0157C05861564)""]",compounding skipped; rewards retained: proceeds cannot cover the deposit and gas,0.571402563699651830839774357020970874466034294935625550825850026982893414796682720212162923907409783,cash-USD,cash,-2921.8591369065641976287165127953387176,,not in catalog,
curve-eth-steth-gauge,CRV,2022-04-01T00:00:00+00:00,14497033,0xba079017e34778e071d26698d4cd9a64689487ac91218836ef5d608ec392b3ee,2022-03-31T23:59:56+00:00,complete,1868.0817199810281463,3164.189918146451254684,8319.242037711283576710085541366769996,-0.1680757962288716423289914458633230004,3407.708793256116888298513484425915296,556.8400435026868572738083314799742,,"[""approval"", ""LDO -> WETH (Uniswap V3 fee=10000 router=0xE592427A0AEce92De3Edee1F18E0157C05861564)"", ""approval"", ""WETH -> CRV (Uniswap V3 fee=10000 router=0xE592427A0AEce92De3Edee1F18E0157C05861564)"", ""wrap ETH"", ""approval"", ""WETH -> CRV (Uniswap V3 fee=10000 router=0xE592427A0AEce92De3Edee1F18E0157C05861564)""]",,0.693817719161978693655012451156869098047288057761308271200044016298070278483731110497516995379890247,yearn-usdc-v2,USD,-1743.076575010466392760398458633230004,,not in catalog,
curve-crv-cvxcrv-v2-lp,USD,2022-02-01T00:00:00+00:00,14116761,0x4a5a96b90503c3033b494fe07306a6de18ce0ca3833cac7ad336993a64aa9ce0,2022-02-01T00:00:00+00:00,unavailable-entry,,,,,,,,[],no contract at 0x971add32Ea87f10bD192671630be3BE8A11b8623 by block 13916165,,cash-USD,cash,,yearn-usdc-v2,complete,
curve-crv-cvxcrv-v2-lp,USD,2022-03-01T00:00:00+00:00,14297758,0x3d75edc45b9dcab8bf1196fabcecdcf22c9289d02eedfe1416731fd751eca9b3,2022-02-28T23:59:58+00:00,unavailable-entry,,,,,,,,[],no contract at 0x971add32Ea87f10bD192671630be3BE8A11b8623 by block 13916165,,cash-USD,cash,,yearn-usdc-v2,complete,
curve-crv-cvxcrv-v2-lp,USD,2022-04-01T00:00:00+00:00,14497033,0xba079017e34778e071d26698d4cd9a64689487ac91218836ef5d608ec392b3ee,2022-03-31T23:59:56+00:00,unavailable-entry,,,,,,,,[],no contract at 0x971add32Ea87f10bD192671630be3BE8A11b8623 by block 13916165,,yearn-usdc-v2,USD,,yearn-usdc-v2,complete,
curve-crv-cvxcrv-v2-lp,BTC,2022-02-01T00:00:00+00:00,14116761,0x4a5a96b90503c3033b494fe07306a6de18ce0ca3833cac7ad336993a64aa9ce0,2022-02-01T00:00:00+00:00,unavailable-entry,,,,,,,,[],no contract at 0x971add32Ea87f10bD192671630be3BE8A11b8623 by block 13916165,,cash-USD,cash,,yearn-wbtc-v2,complete,
curve-crv-cvxcrv-v2-lp,BTC,2022-03-01T00:00:00+00:00,14297758,0x3d75edc45b9dcab8bf1196fabcecdcf22c9289d02eedfe1416731fd751eca9b3,2022-02-28T23:59:58+00:00,unavailable-entry,,,,,,,,[],no contract at 0x971add32Ea87f10bD192671630be3BE8A11b8623 by block 13916165,,cash-USD,cash,,yearn-wbtc-v2,complete,
curve-crv-cvxcrv-v2-lp,BTC,2022-04-01T00:00:00+00:00,14497033,0xba079017e34778e071d26698d4cd9a64689487ac91218836ef5d608ec392b3ee,2022-03-31T23:59:56+00:00,unavailable-entry,,,,,,,,[],no contract at 0x971add32Ea87f10bD192671630be3BE8A11b8623 by block 13916165,,yearn-usdc-v2,USD,,yearn-wbtc-v2,complete,
curve-crv-cvxcrv-v2-lp,ETH,2022-02-01T00:00:00+00:00,14116761,0x4a5a96b90503c3033b494fe07306a6de18ce0ca3833cac7ad336993a64aa9ce0,2022-02-01T00:00:00+00:00,unavailable-entry,,,,,,,,[],no contract at 0x971add32Ea87f10bD192671630be3BE8A11b8623 by block 13916165,,cash-USD,cash,,yearn-weth-v2,complete,
curve-crv-cvxcrv-v2-lp,ETH,2022-03-01T00:00:00+00:00,14297758,0x3d75edc45b9dcab8bf1196fabcecdcf22c9289d02eedfe1416731fd751eca9b3,2022-02-28T23:59:58+00:00,unavailable-entry,,,,,,,,[],no contract at 0x971add32Ea87f10bD192671630be3BE8A11b8623 by block 13916165,,cash-USD,cash,,yearn-weth-v2,complete,
curve-crv-cvxcrv-v2-lp,ETH,2022-04-01T00:00:00+00:00,14497033,0xba079017e34778e071d26698d4cd9a64689487ac91218836ef5d608ec392b3ee,2022-03-31T23:59:56+00:00,unavailable-entry,,,,,,,,[],no contract at 0x971add32Ea87f10bD192671630be3BE8A11b8623 by block 13916165,,yearn-usdc-v2,USD,,yearn-weth-v2,complete,
curve-crv-cvxcrv-v2-lp,CRV,2022-02-01T00:00:00+00:00,14116761,0x4a5a96b90503c3033b494fe07306a6de18ce0ca3833cac7ad336993a64aa9ce0,2022-02-01T00:00:00+00:00,unavailable-entry,,,,,,,,[],no contract at 0x971add32Ea87f10bD192671630be3BE8A11b8623 by block 13916165,,cash-USD,cash,,,not in catalog,
curve-crv-cvxcrv-v2-lp,CRV,2022-03-01T00:00:00+00:00,14297758,0x3d75edc45b9dcab8bf1196fabcecdcf22c9289d02eedfe1416731fd751eca9b3,2022-02-28T23:59:58+00:00,unavailable-entry,,,,,,,,[],no contract at 0x971add32Ea87f10bD192671630be3BE8A11b8623 by block 13916165,,cash-USD,cash,,,not in catalog,
curve-crv-cvxcrv-v2-lp,CRV,2022-04-01T00:00:00+00:00,14497033,0xba079017e34778e071d26698d4cd9a64689487ac91218836ef5d608ec392b3ee,2022-03-31T23:59:56+00:00,unavailable-entry,,,,,,,,[],no contract at 0x971add32Ea87f10bD192671630be3BE8A11b8623 by block 13916165,,yearn-usdc-v2,USD,,,not in catalog,
curve-crv-cvxcrv-v2-gauge,USD,2022-02-01T00:00:00+00:00,14116761,0x4a5a96b90503c3033b494fe07306a6de18ce0ca3833cac7ad336993a64aa9ce0,2022-02-01T00:00:00+00:00,unavailable-entry,,,,,,,,[],no contract at 0x971add32Ea87f10bD192671630be3BE8A11b8623 by block 13916165,,cash-USD,cash,,yearn-usdc-v2,complete,
curve-crv-cvxcrv-v2-gauge,USD,2022-03-01T00:00:00+00:00,14297758,0x3d75edc45b9dcab8bf1196fabcecdcf22c9289d02eedfe1416731fd751eca9b3,2022-02-28T23:59:58+00:00,unavailable-entry,,,,,,,,[],no contract at 0x971add32Ea87f10bD192671630be3BE8A11b8623 by block 13916165,,cash-USD,cash,,yearn-usdc-v2,complete,
curve-crv-cvxcrv-v2-gauge,USD,2022-04-01T00:00:00+00:00,14497033,0xba079017e34778e071d26698d4cd9a64689487ac91218836ef5d608ec392b3ee,2022-03-31T23:59:56+00:00,unavailable-entry,,,,,,,,[],no contract at 0x971add32Ea87f10bD192671630be3BE8A11b8623 by block 13916165,,yearn-usdc-v2,USD,,yearn-usdc-v2,complete,
curve-crv-cvxcrv-v2-gauge,BTC,2022-02-01T00:00:00+00:00,14116761,0x4a5a96b90503c3033b494fe07306a6de18ce0ca3833cac7ad336993a64aa9ce0,2022-02-01T00:00:00+00:00,unavailable-entry,,,,,,,,[],no contract at 0x971add32Ea87f10bD192671630be3BE8A11b8623 by block 13916165,,cash-USD,cash,,yearn-wbtc-v2,complete,
curve-crv-cvxcrv-v2-gauge,BTC,2022-03-01T00:00:00+00:00,14297758,0x3d75edc45b9dcab8bf1196fabcecdcf22c9289d02eedfe1416731fd751eca9b3,2022-02-28T23:59:58+00:00,unavailable-entry,,,,,,,,[],no contract at 0x971add32Ea87f10bD192671630be3BE8A11b8623 by block 13916165,,cash-USD,cash,,yearn-wbtc-v2,complete,
curve-crv-cvxcrv-v2-gauge,BTC,2022-04-01T00:00:00+00:00,14497033,0xba079017e34778e071d26698d4cd9a64689487ac91218836ef5d608ec392b3ee,2022-03-31T23:59:56+00:00,unavailable-entry,,,,,,,,[],no contract at 0x971add32Ea87f10bD192671630be3BE8A11b8623 by block 13916165,,yearn-usdc-v2,USD,,yearn-wbtc-v2,complete,
curve-crv-cvxcrv-v2-gauge,ETH,2022-02-01T00:00:00+00:00,14116761,0x4a5a96b90503c3033b494fe07306a6de18ce0ca3833cac7ad336993a64aa9ce0,2022-02-01T00:00:00+00:00,unavailable-entry,,,,,,,,[],no contract at 0x971add32Ea87f10bD192671630be3BE8A11b8623 by block 13916165,,cash-USD,cash,,yearn-weth-v2,complete,
curve-crv-cvxcrv-v2-gauge,ETH,2022-03-01T00:00:00+00:00,14297758,0x3d75edc45b9dcab8bf1196fabcecdcf22c9289d02eedfe1416731fd751eca9b3,2022-02-28T23:59:58+00:00,unavailable-entry,,,,,,,,[],no contract at 0x971add32Ea87f10bD192671630be3BE8A11b8623 by block 13916165,,cash-USD,cash,,yearn-weth-v2,complete,
curve-crv-cvxcrv-v2-gauge,ETH,2022-04-01T00:00:00+00:00,14497033,0xba079017e34778e071d26698d4cd9a64689487ac91218836ef5d608ec392b3ee,2022-03-31T23:59:56+00:00,unavailable-entry,,,,,,,,[],no contract at 0x971add32Ea87f10bD192671630be3BE8A11b8623 by block 13916165,,yearn-usdc-v2,USD,,yearn-weth-v2,complete,
curve-crv-cvxcrv-v2-gauge,CRV,2022-02-01T00:00:00+00:00,14116761,0x4a5a96b90503c3033b494fe07306a6de18ce0ca3833cac7ad336993a64aa9ce0,2022-02-01T00:00:00+00:00,unavailable-entry,,,,,,,,[],no contract at 0x971add32Ea87f10bD192671630be3BE8A11b8623 by block 13916165,,cash-USD,cash,,,not in catalog,
curve-crv-cvxcrv-v2-gauge,CRV,2022-03-01T00:00:00+00:00,14297758,0x3d75edc45b9dcab8bf1196fabcecdcf22c9289d02eedfe1416731fd751eca9b3,2022-02-28T23:59:58+00:00,unavailable-entry,,,,,,,,[],no contract at 0x971add32Ea87f10bD192671630be3BE8A11b8623 by block 13916165,,cash-USD,cash,,,not in catalog,
curve-crv-cvxcrv-v2-gauge,CRV,2022-04-01T00:00:00+00:00,14497033,0xba079017e34778e071d26698d4cd9a64689487ac91218836ef5d608ec392b3ee,2022-03-31T23:59:56+00:00,unavailable-entry,,,,,,,,[],no contract at 0x971add32Ea87f10bD192671630be3BE8A11b8623 by block 13916165,,yearn-usdc-v2,USD,,,not in catalog,
yearn-usdc-v2,USD,2022-02-01T00:00:00+00:00,14116761,0x4a5a96b90503c3033b494fe07306a6de18ce0ca3833cac7ad336993a64aa9ce0,2022-02-01T00:00:00+00:00,complete,9986.63631,9928.188637,9939.0544347653085018897545,-0.00609455652346914981102455,-58.5116404182160568130805,87.7018661522777301508274817736226,,[],,-0.0058525885178650307733094968389812124839459583764495775454948954679616244080485594453374061040578737,cash-USD,cash,-60.9455652346914981102455,yearn-usdc-v2,complete,0.0000000000000000000000
yearn-usdc-v2,USD,2022-03-01T00:00:00+00:00,14297758,0x3d75edc45b9dcab8bf1196fabcecdcf22c9289d02eedfe1416731fd751eca9b3,2022-02-28T23:59:58+00:00,complete,9986.63631,9960.244209,9965.2300826543034054051708,-0.00347699173456965945948292,-26.4053122906367007492012,72.758282689047225268233674825725,,[],,-0.0026427417781873744834510750296863469137387661611960714327845588681500708420210808698209217153317962,cash-USD,cash,-34.7699173456965945948292,yearn-usdc-v2,complete,0.0000000000000000000000
yearn-usdc-v2,USD,2022-04-01T00:00:00+00:00,14497033,0xba079017e34778e071d26698d4cd9a64689487ac91218836ef5d608ec392b3ee,2022-03-31T23:59:56+00:00,complete,9986.63631,9987.017793,10062.318612721749969470484,0.0062318612721749969470484,0.384359332375220826204,61.559820085323860754065631481650,,[],,0.000038199348425055442917195810047477337241692343154929610128157355517034944471708712900950730626937,yearn-usdc-v2,USD,0.000000000000000000000,yearn-usdc-v2,complete,0.000000000000000000000
yearn-usdc-v2,BTC,2022-02-01T00:00:00+00:00,14116761,0x4a5a96b90503c3033b494fe07306a6de18ce0ca3833cac7ad336993a64aa9ce0,2022-02-01T00:00:00+00:00,complete,0.21530188,0.25201086,9709.4416442384241324570,-0.0290558355761575867543,1414.3188080446827835510,225.705368601568896713087437054314,,"[""approval"", ""USDC -> WBTC (Uniswap V3 fee=3000 router=0xE592427A0AEce92De3Edee1F18E0157C05861564)""]",,0.170500043938306530347064317320406120002296310649958096046351290569315976246932911129247919247151952,cash-USD,cash,-290.5583557615758675430,yearn-wbtc-v2,complete,1484.4626481057836225210
yearn-usdc-v2,BTC,2022-03-01T00:00:00+00:00,14297758,0x3d75edc45b9dcab8bf1196fabcecdcf22c9289d02eedfe1416731fd751eca9b3,2022-02-28T23:59:58+00:00,complete,0.21530188,0.22625317,9774.8038426669343914058,-0.02251961573330656085942,473.1280077718246861746,177.100267135234970237882369625742,,"[""approval"", ""USDC -> WBTC (Uniswap V3 fee=3000 router=0xE592427A0AEce92De3Edee1F18E0157C05861564)""]",,0.050864813628194979068459597287306548368272492557891273406437509974367153691365816220462171533290838,cash-USD,cash,-225.1961573330656085942,yearn-wbtc-v2,complete,514.2144429471403791020
yearn-usdc-v2,BTC,2022-04-01T00:00:00+00:00,14497033,0xba079017e34778e071d26698d4cd9a64689487ac91218836ef5d608ec392b3ee,2022-03-31T23:59:56+00:00,complete,0.21530188,0.21635396,9857.7125740846797431712,-0.01422874259153202568288,47.9358096562827408576,144.3876505528721914915153333762986,,"[""approval"", ""USDC -> WBTC (Uniswap V3 fee=3000 router=0xE592427A0AEce92De3Edee1F18E0157C05861564)""]",,0.004886534200258725097987997132212686670455455381996664404416719445273770948957807521234835478445427,yearn-usdc-v2,USD,-204.606038637070226299284,yearn-wbtc-v2,complete,76.4727615077797812480
yearn-usdc-v2,ETH,2022-02-01T00:00:00+00:00,14116761,0x4a5a96b90503c3033b494fe07306a6de18ce0ca3833cac7ad336993a64aa9ce0,2022-02-01T00:00:00+00:00,complete,2.707209549056973607,3.615830593023442394,9704.3620037358502991952105571440812,-0.02956379962641497008047894428559188,2438.6063749435825403045235516741226,244.2501758211107236096480186388498,,"[""approval"", ""USDC -> WETH (Uniswap V3 fee=500 router=0xE592427A0AEce92De3Edee1F18E0157C05861564)"", ""unwrap WETH""]",,0.335630111929450323058669695010015759535018358880812798611822424452936163766254218767715270155408338,cash-USD,cash,-295.6379962641497008047894428559188,yearn-weth-v2,complete,2519.4699563163868294653923532853262
yearn-usdc-v2,ETH,2022-03-01T00:00:00+00:00,14297758,0x3d75edc45b9dcab8bf1196fabcecdcf22c9289d02eedfe1416731fd751eca9b3,2022-02-28T23:59:58+00:00,complete,2.707209549056973607,3.351082663435977703,9782.798738040606462265063683103574,-0.0217201261959393537734936316896426,1879.655539247946158150502477495168,194.831975150063897531588545863015,,"[""approval"", ""USDC -> WETH (Uniswap V3 fee=500 router=0xE592427A0AEce92De3Edee1F18E0157C05861564)"", ""unwrap WETH""]",,0.237836452151733192429291645027984556110839908941999509247454539828066578416708254301245367573053277,cash-USD,cash,-217.201261959393537734936316896426,yearn-weth-v2,complete,1937.832995857326015902219277987452
yearn-usdc-v2,ETH,2022-04-01T00:00:00+00:00,14497033,0xba079017e34778e071d26698d4cd9a64689487ac91218836ef5d608ec392b3ee,2022-03-31T23:59:56+00:00,complete,2.707209549056973607,3.001457148081274169,9854.6927861524725150656584291634433,-0.01453072138475274849343415708365567,966.1039782963913768022847598198434,157.5598234653526503612145007673558,,"[""approval"", ""USDC -> WETH (Uniswap V3 fee=500 router=0xE592427A0AEce92De3Edee1F18E0157C05861564)"", ""unwrap WETH""]",,0.108690366849067316050034887941665028442215552241275501247619749886302614650144875116887452805016083,yearn-usdc-v2,USD,-207.6258265692774544048255708365567,yearn-weth-v2,complete,1002.4351999385103136348590962535552
yearn-usdc-v2,CRV,2022-02-01T00:00:00+00:00,14116761,0x4a5a96b90503c3033b494fe07306a6de18ce0ca3833cac7ad336993a64aa9ce0,2022-02-01T00:00:00+00:00,complete,1868.0817199810281463,2869.043908140433985393,9455.154376655330336268555220952852724,-0.0544845623344669663731444779047147276,3298.747707342039780685949278700304324,339.2041059012108033530693076928954,,"[""approval"", ""USDC -> WETH (Uniswap V3 fee=500 router=0xE592427A0AEce92De3Edee1F18E0157C05861564)"", ""approval"", ""WETH -> CRV (Uniswap V3 fee=10000 router=0xE592427A0AEce92De3Edee1F18E0157C05861564)""]",,0.535823554961809382293377056699723671616809013220439276639171620289786996935728159959740403087786969,cash-USD,cash,-544.845623344669663731444779047147276,,not in catalog,
yearn-usdc-v2,CRV,2022-03-01T00:00:00+00:00,14297758,0x3d75edc45b9dcab8bf1196fabcecdcf22c9289d02eedfe1416731fd751eca9b3,2022-02-28T23:59:58+00:00,complete,1868.0817199810281463,3919.571937322012543923,9450.9292692847920447557152768409901468,-0.05490707307152079552442847231590098532,4946.5832623463001976599175228397090668,268.544242126923846921596014427433,,"[""approval"", ""USDC -> WETH (Uniswap V3 fee=500 router=0xE592427A0AEce92De3Edee1F18E0157C05861564)"", ""approval"", ""WETH -> CRV (Uniswap V3 fee=10000 router=0xE592427A0AEce92De3Edee1F18E0157C05861564)""]",,1.098180125311551632921421887528443519936680010470286988527652180517756040979443264324514241442400664,cash-USD,cash,-549.0707307152079552442847231590098532,,not in catalog,
yearn-usdc-v2,CRV,2022-04-01T00:00:00+00:00,14497033,0xba079017e34778e071d26698d4cd9a64689487ac91218836ef5d608ec392b3ee,2022-03-31T23:59:56+00:00,complete,1868.0817199810281463,3648.024018101970695121,9591.331604947513325360938341596052549,-0.0408668395052486674639061658403947451,4679.798360492346636949366284655197849,214.9597946024979841464867167107182,,"[""approval"", ""USDC -> WETH (Uniswap V3 fee=500 router=0xE592427A0AEce92De3Edee1F18E0157C05861564)"", ""approval"", ""WETH -> CRV (Uniswap V3 fee=10000 router=0xE592427A0AEce92De3Edee1F18E0157C05861564)""]",,0.952818219397285937085289722215926143226750375031400207717634460684604617777741929111550718988599766,yearn-usdc-v2,USD,-470.987007774236644109545658403947451,,not in catalog,
yearn-wbtc-v2,USD,2022-02-01T00:00:00+00:00,14116761,0x4a5a96b90503c3033b494fe07306a6de18ce0ca3833cac7ad336993a64aa9ce0,2022-02-01T00:00:00+00:00,complete,9986.63631,8063.920374,8072.7458436987618184378590,-0.1927254156301238181562141,-1924.8202314847627402649760,214.8728692210796618060611164431056,,"[""approval"", ""WBTC -> USDC (Uniswap V3 fee=3000 router=0xE592427A0AEce92De3Edee1F18E0157C05861564)""]",,-0.1925288832311547350220867310226500077682312233917728400785228955634211936170928807960164917630809367,cash-USD,cash,-1927.2541563012381815621410,yearn-usdc-v2,complete,-1866.3085910665466834518955
yearn-wbtc-v2,USD,2022-03-01T00:00:00+00:00,14297758,0x3d75edc45b9dcab8bf1196fabcecdcf22c9289d02eedfe1416731fd751eca9b3,2022-02-28T23:59:58+00:00,complete,9986.63631,9118.719716,9123.2843414689116760705392,-0.08767156585310883239294608,-868.3510534760284300838328,172.511527603009239980139305673130,,"[""approval"", ""WBTC -> USDC (Uniswap V3 fee=3000 router=0xE592427A0AEce92De3Edee1F18E0157C05861564)""]",,-0.0869078002901659688055667264005932343800352132779330180694244186409147405909688124008593239739197031,cash-USD,cash,-876.7156585310883239294608,yearn-usdc-v2,complete,-841.9457411853917293346316
yearn-wbtc-v2,USD,2022-04-01T00:00:00+00:00,14497033,0xba079017e34778e071d26698d4cd9a64689487ac91218836ef5d608ec392b3ee,2022-03-31T23:59:56+00:00,complete,9986.63631,9638.104153,9710.774209099548864114164,-0.0289225790900451135885836,-351.160044289825884530116,164.8659781220795290980714845169504,,"[""approval"", ""WBTC -> WETH (Uniswap V3 fee=500 router=0xE592427A0AEce92De3Edee1F18E0157C05861564)"", ""approval"", ""WETH -> USDC (Uniswap V3 fee=500 router=0xE592427A0AEce92De3Edee1F18E0157C05861564)""]",,-0.0348998547840378899309291057981864165833430655892183982015862556228404396555019835302283076732970563,yearn-usdc-v2,USD,-351.544403622201105356320,yearn-usdc-v2,complete,-351.544403622201105356320
yearn-wbtc-v2,BTC,2022-02-01T00:00:00+00:00,14116761,0x4a5a96b90503c3033b494fe07306a6de18ce0ca3833cac7ad336993a64aa9ce0,2022-02-01T00:00:00+00:00,complete,0.21530188,0.21348128,8224.9789961326405099360,-0.1775021003867359490064,-70.1438400611008389700,76.7105445173998814372749782392936,,[],,-0.0084560339185147849150225720277036131779248745993300197843140059901009689279071785160445417383257406,cash-USD,cash,-1775.0210038673594900640,yearn-wbtc-v2,complete,0.0000000000000000000
yearn-wbtc-v2,BTC,2022-03-01T00:00:00+00:00,14297758,0x3d75edc45b9dcab8bf1196fabcecdcf22c9289d02eedfe1416731fd751eca9b3,2022-02-28T23:59:58+00:00,complete,0.21530188,0.21435087,9260.5893997197940123038,-0.07394106002802059876962,-41.0864351753156929274,63.172634734314610723835827744612,,[],,-0.0044171003058589177205512557530849242932760271299070867379328039309271242777815038122286716678925423,cash-USD,cash,-739.4106002802059876962,yearn-wbtc-v2,complete,0.0000000000000000000
yearn-wbtc-v2,BTC,2022-04-01T00:00:00+00:00,14497033,0xba079017e34778e071d26698d4cd9a64689487ac91218836ef5d608ec392b3ee,2022-03-31T23:59:56+00:00,complete,0.21530188,0.21467556,9781.2398125768999619232,-0.02187601874231000380768,-28.5369518514970403904,52.7536517391211736304470411825208,,[],,-0.0029090317279161705415670313700930061548928416231200582177916885816324502136256311370806423055850697,yearn-usdc-v2,USD,-281.078800144850007547284,yearn-wbtc-v2,complete,0.0000000000000000000
yearn-wbtc-v2,ETH,2022-02-01T00:00:00+00:00,14116761,0x4a5a96b90503c3033b494fe07306a6de18ce0ca3833cac7ad336993a64aa9ce0,2022-02-01T00:00:00+00:00,complete,2.707209549056973607,3.002206238490708722,8057.4837229380888312747632987055356,-0.19425162770619111687252367012944644,791.7280941458210723840762932355770,224.7858632469797938933468803883558,,"[""approval"", ""WBTC -> WETH (Uniswap V3 fee=500 router=0xE592427A0AEce92De3Edee1F18E0157C05861564)"", ""unwrap WETH""]",,0.108967068890730655457317015282558910291756840538053668939545862144463870348037523941628190854795402,cash-USD,cash,-1942.5162770619111687252367012944644,yearn-weth-v2,complete,872.5916755186253615449450948467806
yearn-wbtc-v2,ETH,2022-03-01T00:00:00+00:00,14297758,0x3d75edc45b9dcab8bf1196fabcecdcf22c9289d02eedfe1416731fd751eca9b3,2022-02-28T23:59:58+00:00,complete,2.707209549056973607,3.122437402978021854,9115.315781003193455184918374329932,-0.0884684218996806544815081625670068,1212.172582210533151070357168721526,177.252792445338309350837975134599,,"[""approval"", ""WBTC -> WETH (Uniswap V3 fee=500 router=0xE592427A0AEce92De3Edee1F18E0157C05861564)"", ""unwrap WETH""]",,0.153378542147093216468807075300597743988307843128446181596481306120375036207531882488384835438956477,cash-USD,cash,-884.684218996806544815081625670068,yearn-weth-v2,complete,1270.350038819913008822073969213810
yearn-wbtc-v2,ETH,2022-04-01T00:00:00+00:00,14497033,0xba079017e34778e071d26698d4cd9a64689487ac91218836ef5d608ec392b3ee,2022-03-31T23:59:56+00:00,complete,2.707209549056973607,2.944698665553561749,9668.3374991291766995668666364402493,-0.03316625008708233004331333635597507,779.7486912730955613034929670966494,143.5833230746472800543026086564688,,"[""approval"", ""WBTC -> WETH (Uniswap V3 fee=500 router=0xE592427A0AEce92De3Edee1F18E0157C05861564)"", ""unwrap WETH""]",,0.087724689276201334065618202627014210606081947142804590976895626469987234260261598249939875631000162,yearn-usdc-v2,USD,-393.9811135925732699036173635597507,yearn-weth-v2,complete,816.0799129152144981360673035303612
yearn-wbtc-v2,CRV,2022-02-01T00:00:00+00:00,14116761,0x4a5a96b90503c3033b494fe07306a6de18ce0ca3833cac7ad336993a64aa9ce0,2022-02-01T00:00:00+00:00,complete,1868.0817199810281463,2379.157353723552749559,7840.695641493773725028183618678868012,-0.2159304358506226274971816381321131988,1684.288972180483169445577676426319612,319.7283092739890716251962549263478,,"[""approval"", ""WBTC -> WETH (Uniswap V3 fee=500 router=0xE592427A0AEce92De3Edee1F18E0157C05861564)"", ""approval"", ""WETH -> CRV (Uniswap V3 fee=10000 router=0xE592427A0AEce92De3Edee1F18E0157C05861564)""]",,0.273583124483288119896321147184942778612816200159976854703350449509681044161133863835190395680761200,cash-USD,cash,-2159.304358506226274971816381321131988,,not in catalog,
yearn-wbtc-v2,CRV,2022-03-01T00:00:00+00:00,14297758,0x3d75edc45b9dcab8bf1196fabcecdcf22c9289d02eedfe1416731fd751eca9b3,2022-02-28T23:59:58+00:00,complete,1868.0817199810281463,3651.238984497711191997,8803.9209228852397540178144360682921252,-0.11960790771147602459821855639317078748,4299.5749159467479069220166820670110452,250.960474738529120337962541715817,,"[""approval"", ""WBTC -> WETH (Uniswap V3 fee=500 router=0xE592427A0AEce92De3Edee1F18E0157C05861564)"", ""approval"", ""WETH -> CRV (Uniswap V3 fee=10000 router=0xE592427A0AEce92De3Edee1F18E0157C05861564)""]",,0.954539218195868018073387274504991815473335098339732969356809790308158455959011290010841846571216361,cash-USD,cash,-1196.0790771147602459821855639317078748,,not in catalog,
yearn-wbtc-v2,CRV,2022-04-01T00:00:00+00:00,14497033,0xba079017e34778e071d26698d4cd9a64689487ac91218836ef5d608ec392b3ee,2022-03-31T23:59:56+00:00,complete,1868.0817199810281463,3578.995431333098005677,9409.842650204934155028521272331932113,-0.0590157349795065844971478727668067887,4498.309405749767466616949215391077413,200.9832942117926138395748245998312,,"[""approval"", ""WBTC -> WETH (Uniswap V3 fee=500 router=0xE592427A0AEce92De3Edee1F18E0157C05861564)"", ""approval"", ""WETH -> CRV (Uniswap V3 fee=10000 router=0xE592427A0AEce92De3Edee1F18E0157C05861564)""]",,0.915866631021605172127830561322966384526158843145924167276325428125735727180067541917236551600843473,yearn-usdc-v2,USD,-652.475962516815814441962727668067887,,not in catalog,
yearn-weth-v2,USD,2022-02-01T00:00:00+00:00,14116761,0x4a5a96b90503c3033b494fe07306a6de18ce0ca3833cac7ad336993a64aa9ce0,2022-02-01T00:00:00+00:00,complete,9986.63631,7123.292124,7131.0881333701429589327340,-0.2868911866629857041067266,-2866.4779418133815997701010,207.7796214530489693503899312574836,,"[""approval"", ""WETH -> USDC (Uniswap V3 fee=500 router=0xE592427A0AEce92De3Edee1F18E0157C05861564)""]",,-0.2867175790844434986738793134242013865827862514801042153902168086463539193408355931207431744352768966,cash-USD,cash,-2868.9118666298570410672660,yearn-usdc-v2,complete,-2807.9663013951655429570205
yearn-weth-v2,USD,2022-03-01T00:00:00+00:00,14297758,0x3d75edc45b9dcab8bf1196fabcecdcf22c9289d02eedfe1416731fd751eca9b3,2022-02-28T23:59:58+00:00,complete,9986.63631,7800.005037,7803.9095436367219790812044,-0.21960904563632780209187956,-2187.7258513082181270731676,164.047130868034270346013756531526,,"[""approval"", ""WETH -> USDC (Uniswap V3 fee=500 router=0xE592427A0AEce92De3Edee1F18E0157C05861564)""]",,-0.2189557329538918595104020564858239040047709517520218977514762425547866977444780904412448759736600441,cash-USD,cash,-2196.0904563632780209187956,yearn-usdc-v2,complete,-2161.3205390175814263239664
yearn-weth-v2,USD,2022-04-01T00:00:00+00:00,14497033,0xba079017e34778e071d26698d4cd9a64689487ac91218836ef5d608ec392b3ee,2022-03-31T23:59:56+00:00,complete,9986.63631,8806.2718,8872.6699479733937831384,-0.11273300520266062168616,-1189.26430541598096550588,133.7905643475348417716834371711338,,"[""approval"", ""WETH -> USDC (Uniswap V3 fee=500 router=0xE592427A0AEce92De3Edee1F18E0157C05861564)""]",,-0.1181944023352543615358713308345159913007786302373116058734294690661464570746944523505933100311329952,yearn-usdc-v2,USD,-1189.648664748356186332084,yearn-usdc-v2,complete,-1189.648664748356186332084
yearn-weth-v2,BTC,2022-02-01T00:00:00+00:00,14116761,0x4a5a96b90503c3033b494fe07306a6de18ce0ca3833cac7ad336993a64aa9ce0,2022-02-01T00:00:00+00:00,complete,0.21530188,0.18447978,7107.6129752977421350110,-0.2892387024702257864989,-1187.5098608959992138950,198.1876682747317118551323397813942,,"[""approval"", ""WETH -> WBTC (Uniswap V3 fee=500 router=0xE592427A0AEce92De3Edee1F18E0157C05861564)""]",,-0.1431575980664915698831798403246641413442372170647093281303442403754207812769679484452249093226682461,cash-USD,cash,-2892.3870247022578649890,yearn-wbtc-v2,complete,-1117.3660208348983749250
yearn-weth-v2,BTC,2022-03-01T00:00:00+00:00,14297758,0x3d75edc45b9dcab8bf1196fabcecdcf22c9289d02eedfe1416731fd751eca9b3,2022-02-28T23:59:58+00:00,complete,0.21530188,0.18030689,7789.7891164633151701186,-0.22102108835366848298814,-1511.8867184317945351126,158.916113738259009747330716412443,,"[""approval"", ""WETH -> WBTC (Uniswap V3 fee=500 router=0xE592427A0AEce92De3Edee1F18E0157C05861564)""]",,-0.1625391752268953712805480379456045623010816254832517022145835419551375956401309640213081279178797696,cash-USD,cash,-2210.2108835366848298814,yearn-wbtc-v2,complete,-1470.8002832564788421852
yearn-weth-v2,BTC,2022-04-01T00:00:00+00:00,14497033,0xba079017e34778e071d26698d4cd9a64689487ac91218836ef5d608ec392b3ee,2022-03-31T23:59:56+00:00,complete,0.21530188,0.1931538,8800.646140205787840336,-0.1199353859794212159664,-1009.1306242226091619776,127.2230290435733986309925795104848,,"[""approval"", ""WETH -> WBTC (Uniswap V3 fee=500 router=0xE592427A0AEce92De3Edee1F18E0157C05861564)""]",,-0.1028698866911891340660843277355497313818160807513617623775509995546717938552138978071162221156638298,yearn-usdc-v2,USD,-1261.672472515962129134484,yearn-wbtc-v2,complete,-980.5936723711121215872
yearn-weth-v2,ETH,2022-02-01T00:00:00+00:00,14116761,0x4a5a96b90503c3033b494fe07306a6de18ce0ca3833cac7ad336993a64aa9ce0,2022-02-01T00:00:00+00:00,complete,2.707209549056973607,2.677079901041301225,7184.8920474194634697298182038587550,-0.2815107952580536530270181796141245,-80.8635813728042891608688016112036,100.8184767255795072413658230177294,,"[""unwrap WETH""]",,-0.0111294111038311424431330152256654587257470994688355999048201686818937628916601005743790592149299682,cash-USD,cash,-2815.1079525805365302701817961412450,yearn-weth-v2,complete,0.0000000000000000000000000000000
yearn-weth-v2,ETH,2022-03-01T00:00:00+00:00,14297758,0x3d75edc45b9dcab8bf1196fabcecdcf22c9289d02eedfe1416731fd751eca9b3,2022-02-28T23:59:58+00:00,complete,2.707209549056973607,2.687280950762459409,7844.965742183280446362844405116122,-0.2155034257816719553637155594883878,-58.177456609379857751716800492284,83.065407721502434992872179529563,,"[""unwrap WETH""]",,-0.0073613061469349884583233795741261800245046001981550429802426027332897639639702760116091757087818441,cash-USD,cash,-2155.034257816719553637155594883878,yearn-weth-v2,complete,0.000000000000000000000000000000
yearn-weth-v2,ETH,2022-04-01T00:00:00+00:00,14497033,0xba079017e34778e071d26698d4cd9a64689487ac91218836ef5d608ec392b3ee,2022-03-31T23:59:56+00:00,complete,2.707209549056973607,2.696144099604354233,8852.2575862139622014307993329098881,-0.11477424137860377985692006670901119,-36.3312216421189368325743364337118,69.4023735434285621821323047521182,,"[""unwrap WETH""]",,-0.0040874004217641373481719998882994580889608049977096826713567611752640909926133115743433753983832484,yearn-usdc-v2,USD,-1210.0610265077877680396846670901119,yearn-weth-v2,complete,0.0000000000000000000000000000000
yearn-weth-v2,CRV,2022-02-01T00:00:00+00:00,14116761,0x4a5a96b90503c3033b494fe07306a6de18ce0ca3833cac7ad336993a64aa9ce0,2022-02-01T00:00:00+00:00,complete,1868.0817199810281463,2120.005532495169670178,6986.640926697192887471599072428688104,-0.3013359073302807112528400927571311896,830.234257383902331888993130176139704,195.767989862183124672644068027139,,"[""approval"", ""WETH -> CRV (Uniswap V3 fee=10000 router=0xE592427A0AEce92De3Edee1F18E0157C05861564)""]",,0.134856955035510978769901561155454365444806602560323327979767662200093296050908945321208235077989662,cash-USD,cash,-3013.359073302807112528400927571311896,,not in catalog,
yearn-weth-v2,CRV,2022-03-01T00:00:00+00:00,14297758,0x3d75edc45b9dcab8bf1196fabcecdcf22c9289d02eedfe1416731fd751eca9b3,2022-02-28T23:59:58+00:00,complete,1868.0817199810281463,3140.868159904030215047,7573.3073146969430661323309724191835052,-0.24266926853030569338676690275808164948,3068.9613077584512190365332184179024252,156.775955441986457481798559850281,,"[""approval"", ""WETH -> CRV (Uniswap V3 fee=10000 router=0xE592427A0AEce92De3Edee1F18E0157C05861564)""]",,0.681333384032004887896328814164968142308802349000579791759567852858406529923997551617197321361529980,cash-USD,cash,-2426.6926853030569338676690275808164948,,not in catalog,
yearn-weth-v2,CRV,2022-04-01T00:00:00+00:00,14497033,0xba079017e34778e071d26698d4cd9a64689487ac91218836ef5d608ec392b3ee,2022-03-31T23:59:56+00:00,complete,1868.0817199810281463,3276.687413578288394413,8615.018813866998431597828775513542097,-0.1384981186133001568402171224486457903,3703.485569411831743186256718572687397,126.8046845798532846604731834866178,,"[""approval"", ""WETH -> CRV (Uniswap V3 fee=10000 router=0xE592427A0AEce92De3Edee1F18E0157C05861564)""]",,0.754038583286156109808333341514976569224206247160455894520371522963215506548238326036295976128010882,yearn-usdc-v2,USD,-1447.299798854751537872655224486457903,,not in catalog,
yearn-eth-steth-v2,USD,2022-02-01T00:00:00+00:00,14116761,0x4a5a96b90503c3033b494fe07306a6de18ce0ca3833cac7ad336993a64aa9ce0,2022-02-01T00:00:00+00:00,complete,9986.63631,7039.169,7046.8729417346264995165,-0.29531270582653735004835,-2950.693133448898059186335,327.6831268182321134263556135712498,,"[""wrap ETH"", ""approval"", ""WETH -> USDC (Uniswap V3 fee=500 router=0xE592427A0AEce92De3Edee1F18E0157C05861564)""]",,-0.2951411484814550135550094944831329298703579203436517255127717773072683368800881064627455127581390816,cash-USD,cash,-2953.1270582653735004835,yearn-usdc-v2,complete,-2892.1814930306820023732545
yearn-eth-steth-v2,USD,2022-03-01T00:00:00+00:00,14297758,0x3d75edc45b9dcab8bf1196fabcecdcf22c9289d02eedfe1416731fd751eca9b3,2022-02-28T23:59:58+00:00,complete,9986.63631,7763.010459,7766.8964469851777122746708,-0.22331035530148222877253292,-2224.7389479597623938797012,257.708756626294183553512426866529,,"[""wrap ETH"", ""approval"", ""WETH -> USDC (Uniswap V3 fee=500 router=0xE592427A0AEce92De3Edee1F18E0157C05861564)""]",,-0.2226601412102489992448718701762755992462891642040782398332877709451702261900033085314188236419315444,cash-USD,cash,-2233.1035530148222877253292,yearn-usdc-v2,complete,-2198.3336356691256931305000
yearn-eth-steth-v2,USD,2022-04-01T00:00:00+00:00,14497033,0xba079017e34778e071d26698d4cd9a64689487ac91218836ef5d608ec392b3ee,2022-03-31T23:59:56+00:00,complete,9986.63631,8677.374975,8742.801257619470611800300,-0.12571987423805293881997,-1319.132995769904136843980,348.9394454998141858292662398281364,,"[""wrap ETH"", ""approval"", ""WETH -> USDC (Uniswap V3 fee=500 router=0xE592427A0AEce92De3Edee1F18E0157C05861564)""]",,-0.1311013332576241579383198745924892903204162042825008013133503206546629512735304566227865366211578801,yearn-usdc-v2,USD,-1319.517355102279357670184,yearn-usdc-v2,complete,-1319.517355102279357670184
yearn-eth-steth-v2,BTC,2022-02-01T00:00:00+00:00,14116761,0x4a5a96b90503c3033b494fe07306a6de18ce0ca3833cac7ad336993a64aa9ce0,2022-02-01T00:00:00+00:00,complete,0.21530188,0.18229561,7023.4615575529027307195,-0.29765384424470972692805,-1271.6612786408386181865,318.0810411484502949128239455135914,,"[""wrap ETH"", ""approval"", ""WETH -> WBTC (Uniswap V3 fee=500 router=0xE592427A0AEce92De3Edee1F18E0157C05861564)""]",,-0.1533022842160040590449094081296456863265662148421555817348181074870316970757524272430877055044758550,cash-USD,cash,-2976.5384424470972692805,yearn-wbtc-v2,complete,-1201.5174385797377792165
yearn-eth-steth-v2,BTC,2022-03-01T00:00:00+00:00,14297758,0x3d75edc45b9dcab8bf1196fabcecdcf22c9289d02eedfe1416731fd751eca9b3,2022-02-28T23:59:58+00:00,complete,0.21530188,0.17945028,7752.7810395392794862472,-0.22472189604607205137528,-1548.8947953558302189840,252.569158521257612746896540471013,,"[""wrap ETH"", ""approval"", ""WETH -> WBTC (Uniswap V3 fee=500 router=0xE592427A0AEce92De3Edee1F18E0157C05861564)""]",,-0.1665178213957072738983979145932213875698623718473800600347753582086696131032390427803045658495875651,cash-USD,cash,-2247.2189604607205137528,yearn-wbtc-v2,complete,-1507.8083601805145260566
yearn-eth-steth-v2,BTC,2022-04-01T00:00:00+00:00,14497033,0xba079017e34778e071d26698d4cd9a64689487ac91218836ef5d608ec392b3ee,2022-03-31T23:59:56+00:00,complete,0.21530188,0.1902968,8670.472951676398639296,-0.1329527048323601360704,-1139.3038127519983630176,342.3645232912565092016810190654564,,"[""wrap ETH"", ""approval"", ""WETH -> WBTC (Uniswap V3 fee=500 router=0xE592427A0AEce92De3Edee1F18E0157C05861564)""]",,-0.1161396268346565297061038203660831944430768556224404543053688151724453126001500776491129571186280398,yearn-usdc-v2,USD,-1391.845661045351330174484,yearn-wbtc-v2,complete,-1110.7668609005013226272
yearn-eth-steth-v2,ETH,2022-02-01T00:00:00+00:00,14116761,0x4a5a96b90503c3033b494fe07306a6de18ce0ca3833cac7ad336993a64aa9ce0,2022-02-01T00:00:00+00:00,complete,2.707209549056973607,2.663764643367430625,7149.1558376286680217496013054888750,-0.2850844162371331978250398694511125,-116.5997911635997371410856999810836,166.839441763155750390623078062471,,[],,-0.0160478547752893870384466456207822156000873662018142331960106251793086212526541904869143295284289071,cash-USD,cash,-2850.8441623713319782503986945111250,yearn-weth-v2,complete,-35.7362097907954479802168983698800
yearn-eth-steth-v2,ETH,2022-03-01T00:00:00+00:00,14297758,0x3d75edc45b9dcab8bf1196fabcecdcf22c9289d02eedfe1416731fd751eca9b3,2022-02-28T23:59:58+00:00,complete,2.707209549056973607,2.687667558185592949,7846.094363286070554480586061485442,-0.2153905636713929445519413938514558,-57.048835506589749633975144122964,134.554716847811263405132273640015,,[],,-0.0072184995351349486704826700293538111546595012026245676335953410583580277706497354189481384100964799,cash-USD,cash,-2153.905636713929445519413938514558,yearn-weth-v2,complete,1.128621102790108117741656369320
yearn-eth-steth-v2,ETH,2022-04-01T00:00:00+00:00,14497033,0xba079017e34778e071d26698d4cd9a64689487ac91218836ef5d608ec392b3ee,2022-03-31T23:59:56+00:00,complete,2.707209549056973607,2.666052532810849421,8753.4578594234109029614103348158197,-0.12465421405765890970385896651841803,-135.1309484326702353019633345277802,251.391305815489881154532138301105,,[],,-0.0152027449299079104219878710857141922980103437473841193936338431198500575029517262259403426070109809,yearn-usdc-v2,USD,-1308.8607532983390665090736651841803,yearn-weth-v2,complete,-98.7997267905512984693889980940684
yearn-eth-steth-v2,CRV,2022-02-01T00:00:00+00:00,14116761,0x4a5a96b90503c3033b494fe07306a6de18ce0ca3833cac7ad336993a64aa9ce0,2022-02-01T00:00:00+00:00,complete,1868.0817199810281463,2094.524595077594187961,6902.666541968718897953858026786323348,-0.3097333458031281102046141973213676652,746.259872655428342371252084533774948,315.6613627359017077303356737593362,,"[""wrap ETH"", ""approval"", ""WETH -> CRV (Uniswap V3 fee=10000 router=0xE592427A0AEce92De3Edee1F18E0157C05861564)""]",,0.121216792967100897985959108442926276726031895500766418346502651247367724473063835226011888105552901,cash-USD,cash,-3097.333458031281102046141973213676652,,not in catalog,
yearn-eth-steth-v2,CRV,2022-03-01T00:00:00+00:00,14297758,0x3d75edc45b9dcab8bf1196fabcecdcf22c9289d02eedfe1416731fd751eca9b3,2022-02-28T23:59:58+00:00,complete,1868.0817199810281463,3125.393230971243875741,7535.9939393769592120856393265804334756,-0.24640060606230407879143606734195665244,3031.6479324384673649898415725791523956,250.429000224985060481364383908851,,"[""wrap ETH"", ""approval"", ""WETH -> CRV (Uniswap V3 fee=10000 router=0xE592427A0AEce92De3Edee1F18E0157C05861564)""]",,0.673049523231234619933328042244185229418959306474150088021139159962327116315953333969934221950474861,cash-USD,cash,-2464.0060606230407879143606734195665244,,not in catalog,
yearn-eth-steth-v2,CRV,2022-04-01T00:00:00+00:00,14497033,0xba079017e34778e071d26698d4cd9a64689487ac91218836ef5d608ec392b3ee,2022-03-31T23:59:56+00:00,complete,1868.0817199810281463,3226.855704606514736089,8484.002010573528622323789012975592941,-0.1515997989426471377676210987024407059,3572.468766118361933912216956034738241,341.9461788275363952311616230415894,,"[""wrap ETH"", ""approval"", ""WETH -> CRV (Uniswap V3 fee=10000 router=0xE592427A0AEce92De3Edee1F18E0157C05861564)""]",,0.727363246528254673403094528744783601076411410480362090262648721973195672685971919699354129594953852,yearn-usdc-v2,USD,-1578.316602148221347146694987024407059,,not in catalog,
yearn-tricrypto2-v2,USD,2022-02-01T00:00:00+00:00,14116761,0x4a5a96b90503c3033b494fe07306a6de18ce0ca3833cac7ad336993a64aa9ce0,2022-02-01T00:00:00+00:00,complete,9986.63631,8145.345581,8154.2601656284442712658585,-0.18457398343715557287341415,-1843.3059095550802874369765,415.5942487009755137839645202512618,,"[""approval"", ""USDT -> USDC (Uniswap V3 fee=100 router=0xE592427A0AEce92De3Edee1F18E0157C05861564)""]",,-0.1843754665578684721322348825978223692818147695217309861161851001661239028339062444539947404973637215,cash-USD,cash,-1845.7398343715557287341415,yearn-usdc-v2,complete,-1784.7942691368642306238960
yearn-tricrypto2-v2,USD,2022-03-01T00:00:00+00:00,14297758,0x3d75edc45b9dcab8bf1196fabcecdcf22c9289d02eedfe1416731fd751eca9b3,2022-02-28T23:59:58+00:00,complete,9986.63631,8696.056659,8700.4097088733414933461108,-0.12995902911266585066538892,-1291.2256860715986128082612,474.416664150932135755231417772999,,"[""approval"", ""USDT -> USDC (Uniswap V3 fee=100 router=0xE592427A0AEce92De3Edee1F18E0157C05861564)""]",,-0.1292306649544945729579692684332869232122862798034546629044109046962980871784645975557710081463855771,cash-USD,cash,-1299.5902911266585066538892,yearn-usdc-v2,complete,-1264.8203737809619120590600
yearn-tricrypto2-v2,USD,2022-04-01T00:00:00+00:00,14497033,0xba079017e34778e071d26698d4cd9a64689487ac91218836ef5d608ec392b3ee,2022-03-31T23:59:56+00:00,complete,9986.63631,9487.789293,9559.325994537760302212484,-0.0440674005462239697787516,-502.608258851614446431796,280.7961551043163763448068730018612,,"[""approval"", ""USDT -> USDC (Uniswap V3 fee=100 router=0xE592427A0AEce92De3Edee1F18E0157C05861564)""]",,-0.0499514552763361821073466126854478392434819727604559177142999412982528048025011136106948106133645714,yearn-usdc-v2,USD,-502.992618183989667258000,yearn-usdc-v2,complete,-502.992618183989667258000
yearn-tricrypto2-v2,BTC,2022-02-01T00:00:00+00:00,14116761,0x4a5a96b90503c3033b494fe07306a6de18ce0ca3833cac7ad336993a64aa9ce0,2022-02-01T00:00:00+00:00,complete,0.21530188,0.21467354,8270.9142343789593533230,-0.1729085765621040646677,-24.2086018147819955830,272.0760911974071502971779999260484,,[],,-0.0029184139033063715003324634229854379348661516564555776289552139535428116094480921392790439173127518,cash-USD,cash,-1729.0857656210406466770,yearn-wbtc-v2,complete,45.9352382463188433870
yearn-tricrypto2-v2,BTC,2022-03-01T00:00:00+00:00,14297758,0x3d75edc45b9dcab8bf1196fabcecdcf22c9289d02eedfe1416731fd751eca9b3,2022-02-28T23:59:58+00:00,complete,0.21530188,0.20364365,8798.0059353631166970010,-0.1201994064636883302999,-503.6698995319930082302,361.177343134491148518848107780906,,[],,-0.0541482963362883779742192683129380941773476385807685469351219784982834334748958067621146643029777538,cash-USD,cash,-1201.9940646368833029990,yearn-wbtc-v2,complete,-462.5834643566773153028
yearn-tricrypto2-v2,BTC,2022-04-01T00:00:00+00:00,14497033,0xba079017e34778e071d26698d4cd9a64689487ac91218836ef5d608ec392b3ee,2022-03-31T23:59:56+00:00,complete,0.21530188,0.21030963,9582.3154062079408458936,-0.04176845937920591541064,-227.4613582204561564200,190.9610389251111537987655863872478,,[],,-0.0231872104414508596023406762634864126592856504550726635550047217423275635122182862499853693799608252,yearn-usdc-v2,USD,-480.003206513809123576884,yearn-wbtc-v2,complete,-198.9244063689591160296
yearn-tricrypto2-v2,ETH,2022-02-01T00:00:00+00:00,14116761,0x4a5a96b90503c3033b494fe07306a6de18ce0ca3833cac7ad336993a64aa9ce0,2022-02-01T00:00:00+00:00,complete,2.707209549056973607,3.061677636996658234,8217.0962836271088546025907491825132,-0.17829037163728911453974092508174868,951.3406548348410957119037437125546,293.7054588350129750737211620636072,,"[""unwrap WETH""]",,0.130934854327460410441594900442426695832029608176207495746907461645800187303795819659332602096435022,cash-USD,cash,-1782.9037163728911453974092508174868,yearn-weth-v2,complete,1032.2042362076453848727725453237582
yearn-tricrypto2-v2,ETH,2022-03-01T00:00:00+00:00,14297758,0x3d75edc45b9dcab8bf1196fabcecdcf22c9289d02eedfe1416731fd751eca9b3,2022-02-28T23:59:58+00:00,complete,2.707209549056973607,3.00642561836606707,8776.64316260350338506756471688206,-0.122335683739649661493243528311794,873.499963810843080953003511273654,378.57603638907266365692447387362,,"[""unwrap WETH""]",,0.110525640474828429543251375279031127059105599079049145237249860212267966074413882884167904019613589,cash-USD,cash,-1223.35683739649661493243528311794,yearn-weth-v2,complete,931.677420420222938704720311765938
yearn-tricrypto2-v2,ETH,2022-04-01T00:00:00+00:00,14497033,0xba079017e34778e071d26698d4cd9a64689487ac91218836ef5d608ec392b3ee,2022-03-31T23:59:56+00:00,complete,2.707209549056973607,2.904526877435860947,9536.4413530111405821727431790262379,-0.04635586469888594178272568209737621,647.8525451550594439093695096826380,205.1037402901614660091060325205882,,"[""unwrap WETH""]",,0.072885871892562081450807124701199007570608231226315810355154282503950679395395756283491051091899277,yearn-usdc-v2,USD,-525.8772597106093872977408209737621,yearn-weth-v2,complete,684.1837667971783807419438461163498
yearn-tricrypto2-v2,CRV,2022-02-01T00:00:00+00:00,14116761,0x4a5a96b90503c3033b494fe07306a6de18ce0ca3833cac7ad336993a64aa9ce0,2022-02-01T00:00:00+00:00,complete,1868.0817199810281463,2413.711491735464517882,7954.571455080272463591966338577419976,-0.2045428544919727536408033661422580024,1798.164785766981908009360396324871576,451.3108050394625785782073364659606,,"[""approval"", ""USDT -> CRV (Uniswap V3 fee=3000 router=0xE592427A0AEce92De3Edee1F18E0157C05861564)""]",,0.292080247838396317754583989068239841212602329615428559513843477839876502611608088019626409366954822,cash-USD,cash,-2045.428544919727536408033661422580024,,not in catalog,
yearn-tricrypto2-v2,CRV,2022-03-01T00:00:00+00:00,14297758,0x3d75edc45b9dcab8bf1196fabcecdcf22c9289d02eedfe1416731fd751eca9b3,2022-02-28T23:59:58+00:00,complete,1868.0817199810281463,3456.114809987506919164,8333.4346551211431886017887885513778224,-0.16665653448788568113982112114486221776,3829.0886481826513415059910345500967424,511.307853896169179069501848706157,,"[""approval"", ""USDT -> CRV (Uniswap V3 fee=3000 router=0xE592427A0AEce92De3Edee1F18E0157C05861564)""]",,0.850087591469288886506282346576269207757216143253831962869959426595081023739313591871146024812769375,cash-USD,cash,-1666.5653448788568113982112114486221776,,not in catalog,
yearn-tricrypto2-v2,CRV,2022-04-01T00:00:00+00:00,14497033,0xba079017e34778e071d26698d4cd9a64689487ac91218836ef5d608ec392b3ee,2022-03-31T23:59:56+00:00,complete,1868.0817199810281463,3491.544990987423015285,9179.919226402902535223078043961636665,-0.0820080773597097464776921956038363335,4268.385981947735846811505987020781965,351.9188210408478045947739849440436,,"[""approval"", ""USDT -> WETH (Uniswap V3 fee=500 router=0xE592427A0AEce92De3Edee1F18E0157C05861564)"", ""approval"", ""WETH -> CRV (Uniswap V3 fee=10000 router=0xE592427A0AEce92De3Edee1F18E0157C05861564)""]",,0.869053668071267475404179024736100106383944473439240458163154021876190902844229798106493778879682489,yearn-usdc-v2,USD,-882.399386318847434247405956038363335,,not in catalog,
yearn-crv-cvxcrv-v2,USD,2022-02-01T00:00:00+00:00,14116761,0x4a5a96b90503c3033b494fe07306a6de18ce0ca3833cac7ad336993a64aa9ce0,2022-02-01T00:00:00+00:00,unavailable-entry,,,,,,,,[],no contract at 0xa8eF50905352aCD611F53640b001E48F2eA31d63 by block 13916165,,cash-USD,cash,,yearn-usdc-v2,complete,
yearn-crv-cvxcrv-v2,USD,2022-03-01T00:00:00+00:00,14297758,0x3d75edc45b9dcab8bf1196fabcecdcf22c9289d02eedfe1416731fd751eca9b3,2022-02-28T23:59:58+00:00,unavailable-entry,,,,,,,,[],no contract at 0xa8eF50905352aCD611F53640b001E48F2eA31d63 by block 13916165,,cash-USD,cash,,yearn-usdc-v2,complete,
yearn-crv-cvxcrv-v2,USD,2022-04-01T00:00:00+00:00,14497033,0xba079017e34778e071d26698d4cd9a64689487ac91218836ef5d608ec392b3ee,2022-03-31T23:59:56+00:00,unavailable-entry,,,,,,,,[],no contract at 0xa8eF50905352aCD611F53640b001E48F2eA31d63 by block 13916165,,yearn-usdc-v2,USD,,yearn-usdc-v2,complete,
yearn-crv-cvxcrv-v2,BTC,2022-02-01T00:00:00+00:00,14116761,0x4a5a96b90503c3033b494fe07306a6de18ce0ca3833cac7ad336993a64aa9ce0,2022-02-01T00:00:00+00:00,unavailable-entry,,,,,,,,[],no contract at 0xa8eF50905352aCD611F53640b001E48F2eA31d63 by block 13916165,,cash-USD,cash,,yearn-wbtc-v2,complete,
yearn-crv-cvxcrv-v2,BTC,2022-03-01T00:00:00+00:00,14297758,0x3d75edc45b9dcab8bf1196fabcecdcf22c9289d02eedfe1416731fd751eca9b3,2022-02-28T23:59:58+00:00,unavailable-entry,,,,,,,,[],no contract at 0xa8eF50905352aCD611F53640b001E48F2eA31d63 by block 13916165,,cash-USD,cash,,yearn-wbtc-v2,complete,
yearn-crv-cvxcrv-v2,BTC,2022-04-01T00:00:00+00:00,14497033,0xba079017e34778e071d26698d4cd9a64689487ac91218836ef5d608ec392b3ee,2022-03-31T23:59:56+00:00,unavailable-entry,,,,,,,,[],no contract at 0xa8eF50905352aCD611F53640b001E48F2eA31d63 by block 13916165,,yearn-usdc-v2,USD,,yearn-wbtc-v2,complete,
yearn-crv-cvxcrv-v2,ETH,2022-02-01T00:00:00+00:00,14116761,0x4a5a96b90503c3033b494fe07306a6de18ce0ca3833cac7ad336993a64aa9ce0,2022-02-01T00:00:00+00:00,unavailable-entry,,,,,,,,[],no contract at 0xa8eF50905352aCD611F53640b001E48F2eA31d63 by block 13916165,,cash-USD,cash,,yearn-weth-v2,complete,
yearn-crv-cvxcrv-v2,ETH,2022-03-01T00:00:00+00:00,14297758,0x3d75edc45b9dcab8bf1196fabcecdcf22c9289d02eedfe1416731fd751eca9b3,2022-02-28T23:59:58+00:00,unavailable-entry,,,,,,,,[],no contract at 0xa8eF50905352aCD611F53640b001E48F2eA31d63 by block 13916165,,cash-USD,cash,,yearn-weth-v2,complete,
yearn-crv-cvxcrv-v2,ETH,2022-04-01T00:00:00+00:00,14497033,0xba079017e34778e071d26698d4cd9a64689487ac91218836ef5d608ec392b3ee,2022-03-31T23:59:56+00:00,unavailable-entry,,,,,,,,[],no contract at 0xa8eF50905352aCD611F53640b001E48F2eA31d63 by block 13916165,,yearn-usdc-v2,USD,,yearn-weth-v2,complete,
yearn-crv-cvxcrv-v2,CRV,2022-02-01T00:00:00+00:00,14116761,0x4a5a96b90503c3033b494fe07306a6de18ce0ca3833cac7ad336993a64aa9ce0,2022-02-01T00:00:00+00:00,unavailable-entry,,,,,,,,[],no contract at 0xa8eF50905352aCD611F53640b001E48F2eA31d63 by block 13916165,,cash-USD,cash,,,not in catalog,
yearn-crv-cvxcrv-v2,CRV,2022-03-01T00:00:00+00:00,14297758,0x3d75edc45b9dcab8bf1196fabcecdcf22c9289d02eedfe1416731fd751eca9b3,2022-02-28T23:59:58+00:00,unavailable-entry,,,,,,,,[],no contract at 0xa8eF50905352aCD611F53640b001E48F2eA31d63 by block 13916165,,cash-USD,cash,,,not in catalog,
yearn-crv-cvxcrv-v2,CRV,2022-04-01T00:00:00+00:00,14497033,0xba079017e34778e071d26698d4cd9a64689487ac91218836ef5d608ec392b3ee,2022-03-31T23:59:56+00:00,unavailable-entry,,,,,,,,[],no contract at 0xa8eF50905352aCD611F53640b001E48F2eA31d63 by block 13916165,,yearn-usdc-v2,USD,,,not in catalog,
yearn-usd-v3,USD,2022-02-01T00:00:00+00:00,14116761,0x4a5a96b90503c3033b494fe07306a6de18ce0ca3833cac7ad336993a64aa9ce0,2022-02-01T00:00:00+00:00,unavailable-entry,,,,,,,,[],no contract at 0x696d02Db93291651ED510704c9b286841d506987 by block 13916165,,cash-USD,cash,,yearn-usdc-v2,complete,
yearn-usd-v3,USD,2022-03-01T00:00:00+00:00,14297758,0x3d75edc45b9dcab8bf1196fabcecdcf22c9289d02eedfe1416731fd751eca9b3,2022-02-28T23:59:58+00:00,unavailable-entry,,,,,,,,[],no contract at 0x696d02Db93291651ED510704c9b286841d506987 by block 13916165,,cash-USD,cash,,yearn-usdc-v2,complete,
yearn-usd-v3,USD,2022-04-01T00:00:00+00:00,14497033,0xba079017e34778e071d26698d4cd9a64689487ac91218836ef5d608ec392b3ee,2022-03-31T23:59:56+00:00,unavailable-entry,,,,,,,,[],no contract at 0x696d02Db93291651ED510704c9b286841d506987 by block 13916165,,yearn-usdc-v2,USD,,yearn-usdc-v2,complete,
yearn-usd-v3,BTC,2022-02-01T00:00:00+00:00,14116761,0x4a5a96b90503c3033b494fe07306a6de18ce0ca3833cac7ad336993a64aa9ce0,2022-02-01T00:00:00+00:00,unavailable-entry,,,,,,,,[],no contract at 0x696d02Db93291651ED510704c9b286841d506987 by block 13916165,,cash-USD,cash,,yearn-wbtc-v2,complete,
yearn-usd-v3,BTC,2022-03-01T00:00:00+00:00,14297758,0x3d75edc45b9dcab8bf1196fabcecdcf22c9289d02eedfe1416731fd751eca9b3,2022-02-28T23:59:58+00:00,unavailable-entry,,,,,,,,[],no contract at 0x696d02Db93291651ED510704c9b286841d506987 by block 13916165,,cash-USD,cash,,yearn-wbtc-v2,complete,
yearn-usd-v3,BTC,2022-04-01T00:00:00+00:00,14497033,0xba079017e34778e071d26698d4cd9a64689487ac91218836ef5d608ec392b3ee,2022-03-31T23:59:56+00:00,unavailable-entry,,,,,,,,[],no contract at 0x696d02Db93291651ED510704c9b286841d506987 by block 13916165,,yearn-usdc-v2,USD,,yearn-wbtc-v2,complete,
yearn-usd-v3,ETH,2022-02-01T00:00:00+00:00,14116761,0x4a5a96b90503c3033b494fe07306a6de18ce0ca3833cac7ad336993a64aa9ce0,2022-02-01T00:00:00+00:00,unavailable-entry,,,,,,,,[],no contract at 0x696d02Db93291651ED510704c9b286841d506987 by block 13916165,,cash-USD,cash,,yearn-weth-v2,complete,
yearn-usd-v3,ETH,2022-03-01T00:00:00+00:00,14297758,0x3d75edc45b9dcab8bf1196fabcecdcf22c9289d02eedfe1416731fd751eca9b3,2022-02-28T23:59:58+00:00,unavailable-entry,,,,,,,,[],no contract at 0x696d02Db93291651ED510704c9b286841d506987 by block 13916165,,cash-USD,cash,,yearn-weth-v2,complete,
yearn-usd-v3,ETH,2022-04-01T00:00:00+00:00,14497033,0xba079017e34778e071d26698d4cd9a64689487ac91218836ef5d608ec392b3ee,2022-03-31T23:59:56+00:00,unavailable-entry,,,,,,,,[],no contract at 0x696d02Db93291651ED510704c9b286841d506987 by block 13916165,,yearn-usdc-v2,USD,,yearn-weth-v2,complete,
yearn-usd-v3,CRV,2022-02-01T00:00:00+00:00,14116761,0x4a5a96b90503c3033b494fe07306a6de18ce0ca3833cac7ad336993a64aa9ce0,2022-02-01T00:00:00+00:00,unavailable-entry,,,,,,,,[],no contract at 0x696d02Db93291651ED510704c9b286841d506987 by block 13916165,,cash-USD,cash,,,not in catalog,
yearn-usd-v3,CRV,2022-03-01T00:00:00+00:00,14297758,0x3d75edc45b9dcab8bf1196fabcecdcf22c9289d02eedfe1416731fd751eca9b3,2022-02-28T23:59:58+00:00,unavailable-entry,,,,,,,,[],no contract at 0x696d02Db93291651ED510704c9b286841d506987 by block 13916165,,cash-USD,cash,,,not in catalog,
yearn-usd-v3,CRV,2022-04-01T00:00:00+00:00,14497033,0xba079017e34778e071d26698d4cd9a64689487ac91218836ef5d608ec392b3ee,2022-03-31T23:59:56+00:00,unavailable-entry,,,,,,,,[],no contract at 0x696d02Db93291651ED510704c9b286841d506987 by block 13916165,,yearn-usdc-v2,USD,,,not in catalog,
